"iid","sv","sd","vtyp","sno","sna","sip","tot","sbi","bemp","sna_sbi_bemp","sarea","mday_num","mday_time","lat","lng","ar","sareaen","snaen","aren","nbcnt","act"
"361","1","20120725000000","1","23","東新國小","","32","0","28","東新國小
有車0
有空位28","南港區","20150720182526","42205.452777778","25.055074","121.602798","東新國小側門(東明街62號前)","Nangang Dist.","Dongxin Elementary School","A side entrance of Dongxin Elementery School(front of No. 62, Dongxin St.)","0","1"
"367","1","20120725000000","1","29","金山愛國路口","","54","16","38","金山愛國路口
有車16
有空位38","大安區","20150720182526","42205.452777778","25.03164","121.52655","愛國東路/金山南路(西南側)","Daan Dist.","Jinshan & Aiguo Intersection","The S.W side of Aiguo St. & Jinshan Rd.","0","1"
"566","1","20140703135727","1","164","捷運奇岩站","","56","25","31","捷運奇岩站
有車25
有空位31","北投區","20150720182526","42205.452777778","25.126286","121.500801","北投路一段/三合街二段(東北側)","Beitou Dist.","MRT Qiyan Sta.","Sec. 1, Beitou Rd./Sec. 2, Sanhe St.","0","1"
"536","1","20140429102910","1","1002","汐止火車站","","56","16","39","汐止火車站
有車16
有空位39","汐止區","20150720182526","42205.452777778","25.068914","121.662748","南昌街/新昌路口(西側廣場)","Xizhi Dist.","Xizhi Railway Station","Nanchang St./Xinchang Rd.","0","1"
"537","1","20140429103119","1","1003","汐止區公所","","46","5","41","汐止區公所
有車5
有空位41","汐止區","20150720182526","42205.452777778","25.064162","121.658301","新台五路一段/仁愛路口(新台五路側汐止地政事務所前機車停車場)","Xizhi Dist.","Xizhi Dist. Office","Sec. 1, Xintai 5th Rd./Ren’ai Rd.","0","1"
"538","1","20140429103340","1","1004","國泰綜合醫院","","40","29","11","國泰綜合醫院
有車29
有空位11","汐止區","20150720182526","42205.452777778","25.07315","121.662555","建成路78號對面停車場","Xizhi Dist.","Cathay General Hospital","No78, Jiancheng Rd","0","1"
"769","1","20150525173725","1","1138","捷運新埔站(4號出口)","","50","14","34","捷運新埔站(4號出口)
有車14
有空位34","板橋區","20150720182526","42205.452777778","25.023491","121.468559","民生路二段250號前人行道","Banqiao Dist.","MRT Xinpu Sta.(Exit.4)","No.250, Sec. 2, Minsheng Rd.","0","1"
"773","1","20150525175142","1","1142","光華東帝士","","40","9","31","光華東帝士
有車9
有空位31","新莊區","20150720182526","42205.452777778","25.010795","121.427836","民安西路370號至376號前","Xinzhuang Dist.","Guanghua dongdishi","No.376 to No.376, Min’an W. Rd.","0","1"
"774","1","20150527091751","1","1143","廣福公園","","38","6","32","廣福公園
有車6
有空位32","板橋區","20150720182526","42205.452777778","24.991643","121.462872","廣權路/廣和街","Banqiao Dist.","Guangfu Park","Guangquan Rd./Guanghe St.","0","1"
"775","1","20150527091901","1","1144","板橋四維公園","","54","9","42","板橋四維公園
有車9
有空位42","板橋區","20150720182526","42205.452777778","25.025464","121.462633","陽明街251號至259號對面人行道","Banqiao Dist.","Banqiao Siwei Park","No.251 to No.259, Yangming St. (opposite)","0","1"
"776","1","20150528170729","1","1145","捷運頂埔站(2號出口)","","60","12","48","捷運頂埔站(2號出口)
有車12
有空位48","土城區","20150720182526","42205.452777778","24.959276","121.419008","中央路四段74號至76號對面人行道","Tucheng Dist.","MRT Dingpu Sta.(Exit.2)","No.74 to No.76, Sec. 4, Zhongyang Rd. (opposite)","0","1"
"778","1","20150528170930","1","1147","青潭國小","","40","17","21","青潭國小
有車17
有空位21","新店區","20150720182526","42205.452777778","24.953101","121.551813","北宜路2段149號對面","Xindian Dist.","Qing-Tan Elementary School","No.149, Sec. 2, Beiyi Rd. (opposite)","2","1"
"779","1","20150528171026","1","1148","金城忠義路口","","34","21","13","金城忠義路口
有車21
有空位13","土城區","20150720182526","42205.452777778","24.969399","121.440808","金城路一段/忠義路","Tucheng Dist.","Jincheng Zhongyi Intersection","Sec. 1, Jincheng Rd./Zhongyi Rd.","0","1"
"782","1","20150528171614","1","1151","中山國中","","38","10","26","中山國中
有車10
有空位26","板橋區","20150720182526","42205.452777778","25.018559","121.467509","文化路一段188巷56號","Banqiao Dist.","Zhong Shan Junior High School","No.56, Ln. 188, Sec. 1, Wenhua Rd.","0","1"
"783","1","20150604103057","1","1152","捷運土城站(2號出口)","","52","11","41","捷運土城站(2號出口)
有車11
有空位41","土城區","20150720182526","42205.452777778","24.972631","121.443563","金城路1段/和平路","Tucheng Dist.","MRT Tucheng Sta.(Exit 2)","Sec. 1, Jincheng Rd./Heping Rd.","0","1"
"784","1","20150604103209","1","1153","四川遠東路口","","48","9","39","四川遠東路口
有車9
有空位39","板橋區","20150720182526","42205.452777778","24.998003","121.457355","遠東路5號前人行道(四川路側)","Banqiao Dist.","Sichuan & Yuandong Intersection","No.5, Yuandong Rd.","0","1"
"786","1","20150604141416","1","1155","中正橋","","30","0","29","中正橋
有車0
有空位29","永和區","20150720182526","42205.452777778","25.017757","121.516809","環河東路一段/光復街","Yonghe Dist.","Zhongzheng Bridge","Sec. 1, Huanhe E. Rd./Guangfu St.","0","1"
"787","1","20150605164412","1","1156","北港國小","","44","20","24","北港國小
有車20
有空位24","汐止區","20150720182526","42205.452777778","25.089027","121.645946","汐萬路二段279號","Xizhi Dist.","Beigang Elementary School","No.279, Sec. 2, Xiwan Rd.","0","1"
"790","1","20150611182248","1","1159","新樹公園","","32","8","24","新樹公園
有車8
有空位24","新莊區","20150720182526","42205.452777778","25.003383","121.433154","新樹路627號對面","Xinzhuang Dist.","Xinshu Park","No.627, Xinshu Rd. (opposite)","0","1"
"791","1","20150611182346","1","1160","中和環球購物中心","","40","11","28","中和環球購物中心
有車11
有空位28","中和區","20150720182526","42205.452777778","25.006367","121.474223","中山路三段130號","Zhonghe Dist.","Zhonghe Global Mall","No.130, Sec. 3, Zhongshan Rd.","0","1"
"795","1","20150615161546","1","1164","國光里(國光路)","","34","21","13","國光里(國光路)
有車21
有空位13","板橋區","20150720182526","42205.452777778","25.017755","121.458308","國光路76號旁","Banqiao Dist.","Guoguang Village (Guoguang Rd.)","No.76, Guoguang Rd.","0","1"
"796","1","20150615161650","1","1165","民生長江路口","","36","12","23","民生長江路口
有車12
有空位23","板橋區","20150720182526","42205.452777778","25.030904","121.463596","民生路三段/長江路一段(64高架橋下方)","Banqiao Dist.","Minsheng & Changjiang Intersection","Sec. 3, Minsheng Rd./Sec. 1, Changjiang Rd.","0","1"
"393","1","20130111095239","1","55","臺北田徑場","192.168.4.58","46","24","21","臺北田徑場
有車24
有空位21","松山區","20150720182526","42205.452777778","25.049505","121.549408","敦化北路3號","Songshan Dist.","Taipei Stadium","No.3, Dunhua N. Rd.","0","1"
"436","1","20130729160122","1","98","羅斯福景隆街口","","48","6","42","羅斯福景隆街口
有車6
有空位42","文山區","20150720182526","42205.452777778","24.999378","121.540197","羅斯福路六段/景隆街交叉口(東南側)","Wenshan Dist.","Roosevelt & Jinglong Intersection","The intersection of Sec. 6, Roosevelt Rd. & Jinglong St. (the S.E. side)","0","1"
"437","1","20130729160229","1","99","捷運雙連站(2號出口)","","42","2","38","捷運雙連站(2號出口)
有車2
有空位38","大同區","20150720182526","42205.452777778","25.057866","121.520711","民生西路/萬全街(東北側)","Datong Dist.","MRT Shuanglian Sta. (Exit 2)","The N.E. side of Minsheng W. Rd. & Wanquan St.","1","1"
"438","1","20130729160345","1","100","金山市民路口","","40","9","31","金山市民路口
有車9
有空位31","中正區","20150720182526","42205.452777778","25.045753","121.530697","金山北路/市民大道三段(南側)","Zhongzheng Dist.","Jinshen & Civic Blvd. Intersection","The S. side of Jinshan N. Rd. & Sec. 3, Civic Blvd.","0","1"
"492","1","20140120085950","1","154","中正基河路口","","38","3","34","中正基河路口
有車3
有空位34","士林區","20150720182526","42205.452777778","25.093396","121.519867","中正路420號前","Shilin Dist.","Zhongzheng & Jihe Intersection","No.420, Zhongzheng Rd.","0","1"
"574","1","20140728142833","1","168","河堤國小","","44","13","31","河堤國小
有車13
有空位31","中正區","20150720182526","42205.452777778","25.02288","121.522855","金門街12巷23弄1號旁","Zhongzheng Dist.","Heti Elementary School","No.1, Aly. 23, Lane 12, Jinmen St.","0","1"
"665","1","20141211161129","1","1051","保長公園","","28","21","6","保長公園
有車21
有空位6","汐止區","20150720182526","42205.452777778","25.079523","121.674342","保長路/保長路45巷","Xizhi Dist.","Baochang Park"," Baochang Rd./Ln. 45, Baochang Rd.","0","1"
"666","1","20141211161242","1","1052","新店公有中央市場","","36","13","23","新店公有中央市場
有車13
有空位23","新店區","20150720182526","42205.452777778","24.975308","121.527287","中央四街64號對面","Xindian Dist.","Zhongyang Market","No.64, Zhongyang 4th St. (opposite)","0","1"
"683","1","20141225182115","1","1067","二重國小","","46","21","20","二重國小
有車21
有空位20","三重區","20150720182526","42205.452777778","25.065976","121.477656","頂崁街164號至188號(對面二重國小)","Sanchong Dist.","Er Chong Elementary School","No.164 to No.188, Dingkan St. (opposite)","0","1"
"378","1","20120725000000","1","40","玉成公園","","34","24","10","玉成公園
有車24
有空位10","南港區","20150720182526","42205.452777778","25.04287","121.5864","玉成街247號前","Nangang Dist.","Yucheng Park","The front of No. 247, Yucheng St.","0","1"
"340","1","20000101000000","1","2","捷運國父紀念館站(2號出口)","10.250.2.1","48","6","38","捷運國父紀念館站(2號出口)
有車6
有空位38","大安區","20150720182526","42205.452777778","25.041","121.556945","忠孝東路四段/光復南路口(西南側)","Daan Dist.","MRT S.Y.S Memorial Hall Stataion(Exit 2.)","Sec,4. Zhongxiao E.Rd/GuangFu S. Rd","0","1"
"341","1","20000101000000","1","3","台北市政府","10.250.3.1","40","35","5","台北市政府
有車35
有空位5","信義區","20150720182526","42205.452777778","25.0377972222","121.565169444","台北市政府東門(松智路) ","Xinyi Dist.","Taipei City Hall","Taipei City Government Eastgate (Song Zhi Road)","0","1"
"342","1","20000101000000","1","4","市民廣場","10.250.4.1","60","33","27","市民廣場
有車33
有空位27","信義區","20150720182526","42205.452777778","25.0360361111","121.562325","市府路/松壽路(西北側) ","Xinyi Dist.","Citizen Square","The N.W. side of Road Shifu & Road Song Shou.","0","1"
"343","1","20000101000000","1","5","興雅國中","10.250.3.1","60","18","42","興雅國中
有車18
有空位42","信義區","20150720182526","42205.452777778","25.0365638889","121.5686639","松仁路/松仁路95巷(東南側)","Xinyi Dist.","Xingya Jr. High School","","0","1"
"344","1","20000101000000","1","6","世貿二館","10.250.6.1","80","44","34","世貿二館
有車44
有空位34","信義區","20150720182526","42205.452777778","25.0347361111","121.565658333","松智路/松廉路(東北側) ","Xinyi Dist.","TWTC Exhibition Hall 2","The N.E. side of Road Song Zhi & Road Song Lian.","0","1"
"345","1","20000101000000","1","7","信義廣場(台北101)","10.250.7.1","80","0","72","信義廣場(台北101)
有車0
有空位72","信義區","20150720182526","42205.452777778","25.0330388889","121.565619444","松智路/信義路(東北側) ","Xinyi Dist.","Xinyi Square(Taipei 101)","The N.E. side of Road Song Zhi & Road Xinyi.","0","1"
"346","1","20000101000000","1","8","世貿三館","10.250.8.1","60","29","31","世貿三館
有車29
有空位31","信義區","20150720182526","42205.452777778","25.0352138889","121.563688889","市府路/松壽路(東南側) ","Xinyi Dist.","TWTC Exhibition Hall 3","The S.E. side of Road Shifu & Road Song Shou.","0","1"
"348","1","20000101000000","1","10","台北市災害應變中心","10.250.10.1","54","31","23","台北市災害應變中心
有車31
有空位23","信義區","20150720182526","42205.452777778","25.0286611111","121.566116667","台北市信義區莊敬路391巷11弄2號","Xinyi Dist.","Emergency Operations Center of Taipei City","No.2, Aly. 11, Ln. 391, Zhuangjing Rd.","0","1"
"349","1","20000101000000","1","11","三張犁","10.250.11.1","66","4","59","三張犁
有車4
有空位59","信義區","20150720182526","42205.452777778","25.034937","121.55762","光復南路/基隆路一段364巷","Xinyi Dist.","Sanchangli","The S.E. side of Road Guangfu South & Ln. 346, Sec. 1, Keelung Rd.","0","1"
"350","1","20120725000000","1","12","臺北醫學大學","","34","15","19","臺北醫學大學
有車15
有空位19","信義區","20150720182526","42205.452777778","25.026679","121.561747","台北醫學大學(吳興街220巷59弄)","Xinyi Dist.","Taipei Medical University","Aly. 59, Ln. 220, Wuxing St.","0","1"
"351","1","20120725000000","1","13","福德公園","","66","25","31","福德公園
有車25
有空位31","信義區","20150720182526","42205.452777778","25.03809","121.58367","大道路/福德街路口北西側","Xinyi Dist.","Fude Park","The N.W. side of Road Dadao & St. Fude.","2","1"
"352","1","20120725000000","1","14","榮星花園","","32","28","4","榮星花園
有車28
有空位4","中山區","20150720182526","42205.452777778","25.06424","121.54037","五常街/龍江路口(西南側)","Zhongshan Dist.","Rongxing Park","The S.W. side of St.Wuchang & Road Longjiang.","0","1"
"353","1","20120725000000","1","15","饒河夜市","","60","16","43","饒河夜市
有車16
有空位43","松山區","20150720182526","42205.452777778","25.049845","121.571885","八德路/松信路(西南側)","Songshan Dist.","Raohe Night Market","The S.W. side of Road Bade & Road SongXiny.","0","1"
"354","1","20120725000000","1","16","松山家商","","48","2","45","松山家商
有車2
有空位45","信義區","20150720182526","42205.452777778","25.036084","121.579135","林口街/福德街(南東側)","Xinyi Dist.","Songshan Vocational High School","The S.E. side of St. Linkou & St. Fude.","0","1"
"355","1","20120725000000","1","17","民生光復路口","","34","7","27","民生光復路口
有車7
有空位27","松山區","20150720182526","42205.452777778","25.0584","121.55504","光復北路/民生東路(西北側)","Songshan Dist.","Minsheng & Guangfu Intersection","The N.W. side of Road Guangfu S & Road Minsheng E.","0","1"
"356","1","20120725000000","1","18","社教館","","38","27","11","社教館
有車27
有空位11","松山區","20150720182526","42205.452777778","25.048268","121.552278","八德路三段25號前","Songshan Dist.","Taipei Cultural Center","No.25, Sec. 3, Bade Rd.","0","1"
"357","1","20120725000000","1","19","中強公園","","30","9","21","中強公園
有車9
有空位21","信義區","20150720182526","42205.452777778","25.02863","121.56981","松仁路153巷17號對面","Xinyi Dist.","Zhongqiang Park","No.17, Ln. 153, Songren Rd","0","1"
"358","1","20120725000000","1","20","捷運科技大樓站","","56","54","1","捷運科技大樓站
有車54
有空位1","大安區","20150720182526","42205.452777778","25.025896","121.543293","科技大樓站對面(復興南路2段西側)","Daan Dist.","MRT Technology Bldg. Sta.","No.235, Sec. 2, Fusing S. Rd.","0","1"
"359","1","20120725000000","1","21","民生敦化路口","","66","23","42","民生敦化路口
有車23
有空位42","松山區","20150720182526","42205.452777778","25.057985","121.548982","敦化民生路口公車站旁","Songshan Dist.","Minsheng & Dunhua Intersection","The side of bus stop- Dunhua Minsheng Intersection.","1","1"
"360","1","20120725000000","1","22","松山車站","","44","2","42","松山車站
有車2
有空位42","松山區","20150720182526","42205.452777778","25.048616","121.578095","松山車站西出口外自行車格內","Songshan Dist.","Songshan Rail Sta.","Bicycle parking lot- West exit in Songshan station","0","1"
"362","1","20120725000000","1","24","信義建國路口","","46","0","44","信義建國路口
有車0
有空位44","大安區","20150720182526","42205.452777778","25.032981","121.537328","信義路三段/建國南路二段(西南側)","Daan Dist.","Xinyi & Jianguo Intersection","The N.S. side of Lianyun St. & Sec. 2, Xinyi Rd.","0","1"
"363","1","20120725000000","1","25","永吉松信路口","","30","12","18","永吉松信路口
有車12
有空位18","信義區","20150720182526","42205.452777778","25.04543","121.57205","松信路/永吉路南西側人行道","Xinyi Dist.","Yongji & Songxin Intersection","The sidewalk- the S.W. side of Songxin Rd. & Yongji Rd.","0","1"
"364","1","20120725000000","1","26","捷運昆陽站(1號出口)","","42","0","41","捷運昆陽站(1號出口)
有車0
有空位41","南港區","20150720182526","42205.452777778","25.050142","121.592375","捷運昆陽站1號出口外停車場旁","Nangang Dist.","MRT Kunyang Sta. (Exit 1)","The side of parking lots in the MRT Kunyang station (exit 1)","0","1"
"365","1","20120725000000","1","27","捷運南港展覽館站(5號出口)","","26","19","6","捷運南港展覽館站(5號出口)
有車19
有空位6","南港區","20150720182526","42205.452777778","25.05469","121.61669","研究院路/市民大道(東北側)","Nangang Dist.","MRT Nangang Exhibition Center Sta. (Exit 5)","The N.E side of Academia Rd. & Shihmin Blvd.","0","1"
"366","1","20120725000000","1","28","五常公園","","36","8","26","五常公園
有車8
有空位26","信義區","20150720182526","42205.452777778","25.04814","121.57467","松隆路/虎林街30巷口(西南側)","Xinyi Dist.","Wuchang Park","The S.W side of Songlong Rd. & Hulin St.","0","1"
"368","1","20120725000000","1","30","基隆長興路口","","74","2","72","基隆長興路口
有車2
有空位72","大安區","20150720182526","42205.452777778","25.017054","121.544352","基隆路/長興街(東南側)","Daan Dist.","Keelung & Changxing Intersection","The S.W side of Keelung Rd. & Changsing St.","0","1"
"369","1","20120725000000","1","31","辛亥新生路口","","30","10","20","辛亥新生路口
有車10
有空位20","大安區","20150720182526","42205.452777778","25.022413","121.53456","辛亥路/新生南路(高架橋下)","Daan Dist.","Xinhai & Xinsheng Intersection","Under the bridge- Sinhai Rd. & Shinsheng S. Rd.","0","1"
"370","1","20120725000000","1","32","捷運六張犁站","","30","11","19","捷運六張犁站
有車11
有空位19","大安區","20150720182526","42205.452777778","25.023884","121.553161","捷運出口外和平東路側","Daan Dist.","MRT Liuzhangli Sta.","The outside of the MRT exit and the side of Heping E. Rd.","0","1"
"371","1","20120725000000","1","33","中崙高中","","46","3","42","中崙高中
有車3
有空位42","松山區","20150720182526","42205.452777778","25.04878","121.56087","八德路四段91巷(中崙高中)旁","Songshan Dist.","Zhonglun High School","The side of Ln. 91, Sec. 4, Bade Rd. ( beside Zhong-Lun High School)","0","1"
"372","1","20120725000000","1","34","捷運行天宮站(1號出口)","","32","6","26","捷運行天宮站(1號出口)
有車6
有空位26","中山區","20150720182526","42205.452777778","25.058369","121.532934","捷運行天宮1號出口後方(松江路側)","Zhongshan Dist.","MRT Xingtian Temple Sta. (Exit 1)","The side of Songjiang Rd.(the exit 1 of the MRT station of Xingtian Temple)","0","1"
"373","1","20120725000000","1","35","捷運行天宮站(3號出口)","","30","0","29","捷運行天宮站(3號出口)
有車0
有空位29","中山區","20150720182526","42205.452777778","25.059978","121.533302","捷運行天宮站3號出口站外","Zhongshan Dist.","MRT Xingtian Temple Sta. (Exit 3)","The outside of the MRT station of Xingtian Temple.","0","1"
"374","1","20120725000000","1","36","臺大資訊大樓","","72","52","20","臺大資訊大樓
有車52
有空位20","大安區","20150720182526","42205.452777778","25.02101","121.54153","辛亥路二段(臺大外語學院外)","Daan Dist.","NTU Information Bldg.","Sec. 2, Xinghai Rd. (the outside ofLanguage Center of National Taiwan University)","0","1"
"375","1","20120725000000","1","37","捷運東門站(4號出口)","","46","29","16","捷運東門站(4號出口)
有車29
有空位16","大安區","20150720182526","42205.452777778","25.0337","121.529166","信義路/麗水街口","Daan Dist.","MRT Dongmen Sta. (Exit 4)","Ren’ai Rd. & Lishuei St. ","0","1"
"376","1","20120725000000","1","38","臺灣師範大學(圖書館)","","34","18","16","臺灣師範大學(圖書館)
有車18
有空位16","大安區","20150720182526","42205.452777778","25.02665","121.52889","和平東路/師大路口(北側)","Daan Dist.","NTNU Library","The N. side of Heping E. Rd. & Shihda Rd.","0","1"
"377","1","20120725000000","1","39","南港世貿公園","","26","18","8","南港世貿公園
有車18
有空位8","南港區","20150720182526","42205.452777778","25.058","121.61422","三重路/經貿二路88巷(東北側)","Nangang Dist.","Nangang Park","The N.E. side of Sanchong Rd. & Ln. 88, Jingmao 2nd Rd.","0","1"
"379","1","20120725000000","1","41","中研公園","192.168.4.44","30","10","18","中研公園
有車10
有空位18","南港區","20150720182526","42205.452777778","25.047425","121.613706","研究院路二段12巷/研究院路二段12巷58弄(西南側)","Nangang Dist.","Academia Park","The S.W side of Ln. 12, Sec. 2, Academia Rd. & Aly. 58, Ln. 12, Sec. 2, Academia Rd.","0","1"
"381","1","20121128130528","1","43","凌雲市場","192.168.4.49","36","4","31","凌雲市場
有車4
有空位31","南港區","20150720182526","42205.452777778","25.035639","121.614154","研究院路三段68巷/凌雲街(東北側)","Nangang Dist.","Linyun Market","The N.E. side of St. Lingyun & Academia Rd.","1","1"
"382","1","20121128131023","1","44","捷運南港軟體園區站(2號出口)","192.168.4.45","36","12","24","捷運南港軟體園區站(2號出口)
有車12
有空位24","南港區","20150720182526","42205.452777778","25.05973","121.616187","捷運南港軟體園區站2號出口外","Nangang Dist. ","MRT Nangang Software Park Sta.(Exit 2)","The outside of the MRT station exit 2 of Taipei Nangang Exhibition Center","0","1"
"383","1","20121128131220","1","45","捷運公館站(2號出口)","192.168.4.48 ","30","11","19","捷運公館站(2號出口)
有車11
有空位19","大安區","20150720182526","42205.452777778","25.01476","121.534538","羅斯福路四段/舟山路(東北側)","Daan Dist. ","MRT Gongguan Sta.(Exit 2)","The N.W. side of Roosevelt Rd.& Sinhai Rd.","0","1"
"385","1","20121219100534","1","47","捷運忠孝新生(3號出口)","192.168.4.50","40","10","29","捷運忠孝新生(3號出口)
有車10
有空位29","大安區","20150720182526","42205.452777778","25.041924","121.533862","捷運忠孝新生(3號出口)","Daan Dist.","MRT Zhongxiao Xinsheng Sta.(Exit 3)","The intersection of Sec. 3, Zhongxiao E. Rd. & Ln. 10, Sec. 3, Zhongxiao E. Rd.","0","1"
"386","1","20121219100955","1","48","南港車站","192.168.4.51","38","23","15","南港車站
有車23
有空位15","南港區","20150720182526","42205.452777778","25.05247","121.608202","忠孝東路七段與忠孝東路七段415巷交叉口","Nangang Dist.","Nangang Rail Sta.","The intersection of Sec. 7, Zhongxiao E. Rd. & Ln. 415, Sec. 7, Zhongxiao E. Rd","0","1"
"387","1","20121219102000","1","49","龍門廣場","192.168.4.52 ","52","40","12","龍門廣場
有車40
有空位12","大安區","20150720182526","42205.452777778","25.040901","121.548252","忠孝東路/敦化南路(西南側廣場）","Daan Dist.","Longmen Square","Sec. 1, Dunhua S. Rd. & Ln. 236, Sec. 1, Dunhua S. Rd.","0","1"
"388","1","20121219102311","1","50","民權運動公園","192.168.4.53","52","6","46","民權運動公園
有車6
有空位46","松山區","20150720182526","42205.452777778","25.062002","121.560186","民權東路四段/新中街交叉口","Songshan Dist.","MinQuan Park","The intersection of Sec. 4, Mincyuan E. Rd. & Xinzhong St.","0","1"
"615","0","20141028184722","1","1034","中原公園","","58","0","0","中原公園
有車0
有空位0","蘆洲區","20150720182526","42205.452777778","25.083316","121.463894","長興路22號前通道","Luzhou Dist.","Zhung Yuan Park","No.22, Changxing Rd.","0","0"
"389","1","20121231090803","1","51","建國農安街口","192.168.4.54 ","44","16","28","建國農安街口
有車16
有空位28","中山區","20150720182526","42205.452777778","25.065031","121.536775","建國北路/農安街口(中油旁邊空地)","Zhongshan Dist.","Jianguo & Nongan Intersection","(Behind empty area of CPC coporation) Jianguo N. Rd. & Nong’an St.","0","1"
"390","1","20121231091320","1","52","建國長春路口","192.168.4.55 ","30","6","24","建國長春路口
有車6
有空位24","中山區","20150720182526","42205.452777778","25.054761","121.536925","建國北路/長春路口(北側)","Zhongshan Dist.","Jianguo & Changchun Intersection","The N. side of Jianguo N. Rd. & Changchun Rd.","0","1"
"391","1","20121231091535","1","53","八德市場","192.168.4.56 ","26","3","23","八德市場
有車3
有空位23","中山區","20150720182526","42205.452777778","25.044781","121.536609","建國南路一段/市民大道交叉口(北側) ","Zhongshan Dist.","Bade Market","The intersection of Sec.1, Jianguo S. Rd. & Civic Blvd.","0","1"
"392","1","20130111095018","1","54","臺北市立圖書館(總館)","","30","5","25","臺北市立圖書館(總館)
有車5
有空位25","大安區","20150720182526","42205.452777778","25.028798","121.538073","建國南路二段/建國南路二段151巷(東北側)","Daan Dist.","Taipei Public Library","The N.E. side of Sec. 2, Jianguo S. Rd. & Ln. 151, Sec. 2, Jianguo S. Rd.","0","1"
"394","1","20130111095451","1","56","仁愛林森路口","192.168.4.59","42","11","31","仁愛林森路口
有車11
有空位31","中正區","20150720182526","42205.452777778","25.038954","121.522334","林森南路/仁愛路一段路口(東北側)","Zhongzheng Dist.","Renai & Linsen Intersection","The N.E. side of Linsen S. Rd & Sec. 1, Ren’ai Rd.(42)","0","1"
"395","1","20130201085924","1","57","新生和平路口","","46","4","42","新生和平路口
有車4
有空位42","大安區","20150720182526","42205.452777778","25.026217","121.53519","新生南路二段/和平東路二段(東北側)","Daan Dist.","Xinsheng & Heping Intersection","The N.E. side of Sec. 2, Xinsheng S. Rd. & Sec. 2, Heping E. Rd","0","1"
"396","1","20130201090323","1","58","捷運善導寺站(1號出口)","192.168.4.61","48","8","40","捷運善導寺站(1號出口)
有車8
有空位40","中正區","20150720182526","42205.452777778","25.045267","121.5222","天津街/忠孝東路一段(東北側)","Zhongzheng Dist.","MRT Shandao Temple Sta(Exit 1)","The N.E. side of Tianjin St. & Sec. 1, Zhongxiao E. Rd.","0","1"
"397","1","20130208103613","1","59","林森公園","","32","2","30","林森公園
有車2
有空位30","中山區","20150720182526","42205.452777778","25.052227","121.525805","林森北路/南京東路一段","Zhongshan Dist.","Linsen Park","Linsen N. Rd. & Sec. 1, Nanjing E. Rd.","0","1"
"398","1","20130208103812","1","60","中山行政中心","","30","0","30","中山行政中心
有車0
有空位30","中山區","20150720182526","42205.452777778","25.064317","121.533487","松江路/農安街口","Zhongshan Dist.","Zhongshan Dist. Admin. Office","Songjiang Rd. & Nong’an St.","0","1"
"399","1","20130304200547","1","61","台灣科技大學","192.168.4.64","46","0","46","台灣科技大學
有車0
有空位46","大安區","20150720182526","42205.452777778","25.0131","121.539723","基隆路四段/基隆路四段73巷交叉口","Daan Dist.","N.T.U.S.T","The intersection of Sec. 4, Keelung Rd. & Ln. 73, Sec. 4, Keelung Rd","0","1"
"400","1","20130304200723","1","62","南昌公園","192.168.4.65","34","10","22","南昌公園
有車10
有空位22","中正區","20150720182526","42205.452777778","25.026827","121.520258","和平西路一段/南昌路","Zhongzheng Dist.","Nanchang Park","Sec. 1, Heping W. Rd.& Nanchang Rd.","0","1"
"401","1","20130304201131","1","63","仁愛醫院","192.168.4.66","36","12","24","仁愛醫院
有車12
有空位24","大安區","20150720182526","42205.452777778","25.037569","121.545632","大安路一段/仁愛路四段","Daan Dist.","Taipei City Hospital Renai Branch","Da’an Rd. & Sec. 4, Sinyi Rd.","0","1"
"402","1","20130408163632","1","64","國家圖書館","192.168.4.67","50","27","23","國家圖書館
有車27
有空位23","中正區","20150720182526","42205.452777778","25.037773","121.517029","中山南路/貴陽街口(西南側)","Zhongzheng Dist.","National Central Library","The S.W. side of Zhongshan S. Rd. & Guiyang St.","0","1"
"403","1","20130507090740","1","65","青年公園3號出口","192.168.4.68","38","18","20","青年公園3號出口
有車18
有空位20","萬華區","20150720182526","42205.452777778","25.022725","121.502708","青年路/青年路106巷(東側)","Wanhua Dist.","Youth Park Exit 3","The E. side of Qingnian Rd. & Ln. 106, Qingnian Rd.","0","1"
"404","1","20130507091052","1","66","師範大學公館校區","192.168.4.69","42","11","31","師範大學公館校區
有車11
有空位31","文山區","20150720182526","42205.452777778","25.007528","121.537188","師大公館校區校門口(汀州路側)","Wenshan Dist.","NTNU Gongguan Campus","The side of Tingzhou Rd. (National Taiwan Normal University- Gongguan Campus)","0","1"
"405","1","20130507091530","1","67","捷運臺大醫院(4號出口)","","48","1","46","捷運臺大醫院(4號出口)
有車1
有空位46","中正區","20150720182526","42205.452777778","25.042973","121.516428","公園路/襄陽路(西南側)","Zhongzheng Dist.","MRT Nat’l Taiwan U. Hospital Sta.(Exit 4)","The S.W. side of Gongyuan Rd. & Siangyang Rd.","0","1"
"407","1","20130509110341","1","69","興豐公園","192.168.4.72","34","6","28","興豐公園
有車6
有空位28","文山區","20150720182526","42205.452777778","24.999837","121.547778","興隆路二段123巷/興隆路二段(西北側)","Wenshan Dist.","Xingfong Park","The N.W. side of Ln. 123, Sec. 2, Xinglong Rd. & Sec. 2, Xinglong Rd.","0","1"
"408","1","20130510130141","1","70","捷運台北101/世貿站","192.168.4.73","52","2","50","捷運台北101/世貿站
有車2
有空位50","信義區","20150720182526","42205.452777778","25.032752","121.561645","莊敬路/信義線五段(東南側)","Xinyi Dist.","MRT Taipei 101/World Trade Center Sta.","The S.E. side of Zhuangjing Rd. & Sec. 5, Xinyi Rd.","0","1"
"409","1","20130516184739","1","71","捷運信義安和站","","30","0","30","捷運信義安和站
有車0
有空位30","大安區","20150720182526","42205.452777778","25.032985","121.554204","通化街/信義路四段(西南側)","Daan Dist.","MRT Xinyi Anhe Sta.","The S.W. side of Tonghua St. & Sec. 4, Xinyi Road., Daan Dist.","0","1"
"413","1","20130619203136","1","75","基隆光復路口","","30","20","9","基隆光復路口
有車20
有空位9","信義區","20150720182526","42205.452777778","25.0300508","121.557635","基隆路二段/光復南路(東北側)","Xinyi Dist.","Keelung & Guangfu Intersection","The intersection of Sec. 2, Keelung Rd. & Guangfu S. Rd.","1","1"
"414","1","20130619203335","1","76","新生長春路口","","36","16","20","新生長春路口
有車16
有空位20","中山區","20150720182526","42205.452777778","25.056387","121.527522","新生北路二段/新生北路二段68巷交叉口(新生橋下)","Zhongshan Dist.","Xinsheng & Changchun Intersection","Under the bridge- the intersection of Sec. 2, Xinsheng N. Rd. & Ln. 68, Sec. 2, Xinsheng N. Rd.","0","1"
"415","1","20130621144511","1","77","民生活動中心","10.7.0.9","32","1","31","民生活動中心
有車1
有空位31","松山區","20150720182526","42205.452777778","25.059147","121.56297","民生東路五段/三民路口(西北側)","Songshan Dist.","Minsheng Activity Center","The N.W. side of Sec. 5, Minsheng E. Rd. & Sanmin Rd.","0","1"
"416","1","20130704102459","1","78","捷運圓山站(2號出口)","","52","5","47","捷運圓山站(2號出口)
有車5
有空位47","大同區","20150720182526","42205.452777778","25.071824","121.519287","承德路三段/庫倫街(東南側)","Datong Dist.","MRT Yuanshan Sta. (Exit 2)","The S.E. side of Sec. 3, Chengde Rd. & Kulun St.","0","1"
"417","1","20130704102651","1","79","捷運民權西路站(3號出口)","","50","18","32","捷運民權西路站(3號出口)
有車18
有空位32","大同區","20150720182526","42205.452777778","25.061285","121.520205","民權西路70巷37號對面","Datong Dist.","MRT Minquan W.Rd. Sta.(Exit 3)","The opposite of No.37, Ln. 70, Minquan W. Rd.","0","1"
"418","1","20130704180426","1","80","華江高中","","44","4","39","華江高中
有車4
有空位39","萬華區","20150720182526","42205.452777778","25.02751","121.495869","東園街/東園街35巷(東北側)","Wanhua Dist.","Huajiang High School","The N.E. side of Dongyuan St. & Ln. 35, Dongyuan St.","0","1"
"419","1","20130704180142","1","81","捷運台電大樓站(2號出口)","","40","10","29","捷運台電大樓站(2號出口)
有車10
有空位29","大安區","20150720182526","42205.452777778","25.020547","121.528552","羅斯福路/辛亥路交叉口(古亭國小前)","Daan Dist.","MRT Taipower Building Sta. (Exit 2)","The intersection of Roosevelt Rd. & Xinhai Rd. (Gu Ting Elementary School) ","0","1"
"420","1","20130709212101","1","82","捷運西門站(3號出口)","","60","2","55","捷運西門站(3號出口)
有車2
有空位55","中正區","20150720182526","42205.452777778","25.041778","121.508693","中華路一段/寶慶路(東南側)","Zhongzheng Dist.","MRT Ximen Sta.(Exit 3)","The S.E. side of Sec. 1, Zhonghua Rd. & Baoqing Rd.","0","1"
"421","1","20130710094448","1","83","捷運大安森林公園站","","74","38","36","捷運大安森林公園站
有車38
有空位36","大安區","20150720182526","42205.452777778","25.033156","121.535161","信義路三段31巷/信義路三段(南側)","Daan Dist.","MRT Daan Park Sta.","The S. side of Ln. 31, Sec. 3, Xinyi Rd. & Sec. 3, Xinyi Rd.","0","1"
"422","1","20130710094639","1","84","復華花園新城","","38","12","26","復華花園新城
有車12
有空位26","萬華區","20150720182526","42205.452777778","25.029705","121.502899","西藏路115號/西藏路(東南側)","Wanhua Dist.","Fuhua Garden New Village(City)","The S.E. side of No.115, Xizang Rd. & Xizang Rd.","0","1"
"423","1","20130715183258","1","85","信義敦化路口","","46","8","38","信義敦化路口
有車8
有空位38","大安區","20150720182526","42205.452777778","25.033362","121.54911","信義路四段/敦化南路一段(東北側)","Daan Dist.","Xinyi & Dunhua Intersection","The N.E. side of Sec. 4, Xinyi Rd. & Sec. 1, Dunhua S. Rd.","0","1"
"424","1","20130716195638","1","86","民權復興路口","","46","11","35","民權復興路口
有車11
有空位35","松山區","20150720182526","42205.452777778","25.062344","121.545138","復興北路/民權東路三段(東北側)","Songshan Dist.","Minquan & Fuxing Intersection","The N.E. side of Fuxing N. Rd. & Sec. 3, Minquan E. Rd.","0","1"
"426","1","20130717140002","1","88","捷運象山站","","58","30","27","捷運象山站
有車30
有空位27","信義區","20150720182526","42205.452777778","25.032835","121.571274","信義路五段/信義路五段91巷(西北側)","Xinyi Dist.","MRT Xiangshan Sta.","The N.W. side of Sec. 5, Xinyi Rd. & Ln. 91, Sec. 5, Xinyi Rd.","0","1"
"427","1","20130717162023","1","89","和平重慶路口","","44","2","41","和平重慶路口
有車2
有空位41","中正區","20150720182526","42205.452777778","25.027323","121.516385","重慶南路三段/和平西路一段(東北側)","Zhongzheng Dist.","Heping Chongqing Intersection","The N.E. side of Sec. 3, Chongqing S. Rd. & Sec. 1, Heping W. Rd.","0","1"
"428","1","20130717162303","1","90","老松國小","","44","9","35","老松國小
有車9
有空位35","萬華區","20150720182526","42205.452777778","25.037783","121.501708","康定路/桂林路(東南側)","Wanhua Dist.","Laosong Elementary School","The S.E. side of Kangding Rd. & Guilin Rd.","0","1"
"429","1","20130717162439","1","91","市立美術館","","36","3","33","市立美術館
有車3
有空位33","中山區","20150720182526","42205.452777778","25.070629","121.523268","中山北路三段/酒泉街(西南側)","Zhongshan Dist.","Taipei Fine Arts Museum","The S.W. side of Sec. 3, Zhongshan N. Rd. & Jiuquan St.","0","1"
"430","1","20130719110707","1","92","開封西寧路口","","42","11","31","開封西寧路口
有車11
有空位31","萬華區","20150720182526","42205.452777778","25.046618","121.507169","開封街二段/西寧南路(東北側)","Wanhua Dist.","Kaifong & Xining Intersection","The N.E. side of Sec. 2, Kaifeng St. & Xining S. Rd.","0","1"
"431","1","20130719110823","1","93","吳興公車總站","","56","36","20","吳興公車總站
有車36
有空位20","信義區","20150720182526","42205.452777778","25.023877","121.569836","松仁路/吳興街交叉口","Xinyi Dist.","Wu Xing Bus Station.","The intersection of Songren Rd. & Wuxing St.","0","1"
"432","1","20130719191809","1","94","捷運景美站","","52","27","25","捷運景美站
有車27
有空位25","文山區","20150720182526","42205.452777778","24.993254","121.541059","羅斯福路六段/景中街交叉口(東北側)","Wenshan Dist.","MRT Jingmei Sta.","The intersectionof Sec. 6, Roosevelt Rd. & Jingzhong St.","0","1"
"433","1","20130729155220","1","95","東園國小","","32","5","27","東園國小
有車5
有空位27","萬華區","20150720182526","42205.452777778","25.023393","121.497679","東園街/萬大路344巷(東南側)","Wanhua Dist.","Dongyuan Elementary School","The S.E. side of Dongyuan St. & Ln. 344, Wanda Rd.","0","1"
"434","1","20130729155552","1","96","三民公園","","30","4","25","三民公園
有車4
有空位25","松山區","20150720182526","42205.452777778","25.061567","121.566558","撫遠街/富錦街(東南側)","Songshan Dist.","Sanmin Park","The S.E. side of Fuyuan St. & Fujin St.","0","1"
"435","1","20130729155956","1","97","捷運劍潭站(2號出口)","","52","21","31","捷運劍潭站(2號出口)
有車21
有空位31","士林區","20150720182526","42205.452777778","25.082825","121.524721","基河路18號對面","Shilin Dist.","MRT Jiantan Sta.(Exit 2)","The opposite of No.18, Jihe Rd.","0","1"
"439","1","20130729160545","1","101","華山文創園區","","50","15","35","華山文創園區
有車15
有空位35","中正區","20150720182526","42205.452777778","25.043668","121.528487","忠孝東路二段41號前","Zhongzheng Dist.","Huashan 1914‧Creative Park","Front of No.41, Sec. 2, Zhongxiao E. Rd.","0","1"
"440","1","20130729160805","1","102","臺北市客家文化主題公園","","32","6","26","臺北市客家文化主題公園
有車6
有空位26","中正區","20150720182526","42205.452777778","25.02043","121.525322","師大路/汀州路交叉口","Zhongzheng Dist.","Taipei City Hakka Cultural Park","The intersection of Shida Rd. & Tingzhou Rd.","0","1"
"441","1","20130729160906","1","103","萬大興寧街口","","52","9","43","萬大興寧街口
有車9
有空位43","萬華區","20150720182526","42205.452777778","25.031974","121.500474","萬大路/興寧街(西南側)","Wanhua Dist.","Wanda & Xingning Intersection","The S.W. side of Wanda Rd. & Xingning St.","0","1"
"442","1","20130729161023","1","104","台北花木批發市場","","38","8","30","台北花木批發市場
有車8
有空位30","文山區","20150720182526","42205.452777778","25.004023","121.54074","萬盛街/興隆路一段(西北側)","Wenshan Dist.","Taipei Pot Plant Auction","The N.W. side of Wansheng St. Sec. 1, Xinglong Rd.","0","1"
"443","1","20130729161141","1","105","峨嵋停車場","","42","26","15","峨嵋停車場
有車26
有空位15","萬華區","20150720182526","42205.452777778","25.044412","121.505409","昆明街/西寧南路50巷(東南側)","Wanhua Dist.","Emei Parking Lot","The S.E. side of Kunming St. & Ln. 50, Xining S. Rd. ","0","1"
"444","1","20130729161238","1","106","西園艋舺路口","","44","4","39","西園艋舺路口
有車4
有空位39","萬華區","20150720182526","42205.452777778","25.032932","121.497674","西園路二段/艋舺大道(西南側)","Wanhua Dist.","Xiyuan & Bangka Intersection","The S.W. side of Sec. 2, Xiyuan Rd. & Bangka Blvd.","0","1"
"445","1","20130729161331","1","107","捷運小南門站(1號出口)","","54","4","49","捷運小南門站(1號出口)
有車4
有空位49","中正區","20150720182526","42205.452777778","25.036402","121.509422","博愛路/愛國西路交叉口(西北側)","Zhongzheng Dist.","MRT Xiaonanmen Sta. (Exit 1)","The intersection of Bo’ai Rd. & Aiguo W. Rd.","0","1"
"446","1","20130809093136","1","108","臺北孔廟","","32","14","18","臺北孔廟
有車14
有空位18","大同區","20150720182526","42205.452777778","25.073306","121.515843","哈密街59巷/哈密街(東北側)","Datong Dist.","Taipei Confucius Temple","The N.E. side of Ln. 59, Hami St. & Hami St.","0","1"
"447","1","20130809093709","1","109","林安泰古厝","","36","10","26","林安泰古厝
有車10
有空位26","中山區","20150720182526","42205.452777778","25.071606","121.530805","吉林路/民族東路(北側)","Zhongshan Dist.","Lin An-tai Historical House","The N. side of Jilin Rd. & Minzu E. Rd.","0","1"
"448","1","20130819094543","1","110","文湖國小","","44","9","35","文湖國小
有車9
有空位35","內湖區","20150720182526","42205.452777778","25.086376","121.560888","文湖街21巷/文湖街(東北側)","Neihu Dist.","Wenhu Elementary School","The N.E. side of Ln. 21, Wenhu St. & Wenhu St.","0","1"
"449","1","20130822113711","1","111","捷運忠孝復興站(2號出口)","","54","18","34","捷運忠孝復興站(2號出口)
有車18
有空位34","大安區","20150720182526","42205.452777778","25.040184","121.543497","復興南路一段/仁愛路三段123巷13弄(西北側)","Daan Dist.","MRT Zhongxiao Fuxing Sta.(Exit 2)","The N.W. side of Sec. 1, Fuxing S. Rd. & Aly. 13, Ln. 123, Sec. 3, Ren’ai Rd.","1","1"
"450","1","20131001183941","1","112","捷運新北投站","","48","9","38","捷運新北投站
有車9
有空位38","北投區","20150720182526","42205.452777778","25.137456","121.503124","大業路/中和街交叉口","Beitou Dist.","MRT Xinbeitou Sta.","Daye Rd. & Zhonghe St.  Intersection","0","1"
"451","1","20000101000000","1","113","仁愛逸仙路口","","38","6","32","仁愛逸仙路口
有車6
有空位32","信義區","20150720182526","42205.452777778","25.037724","121.561178","仁愛路四段/逸仙路(西北側)","Xinyi Dist.","Renai & Yixian Intersection","Sec. 4, Ren’ai Rd. & Yixian Rd.","0","1"
"452","1","20131001184326","1","114","蘭雅公園","","30","21","9","蘭雅公園
有車21
有空位9","士林區","20150720182526","42205.452777778","25.109908","121.530386","忠誠路二段/忠誠路二段40巷(西南側)","Shilin Dist.","Lanya Park","Sec. 2, Zhongcheng Rd. & Ln. 40, Sec. 2, Zhongcheng Rd.","0","1"
"455","1","20131007110204","1","117","捷運北投站","","58","30","27","捷運北投站
有車30
有空位27","北投區","20150720182526","42205.452777778","25.132581","121.498618","光明路2巷/光明路交叉口","Beitou Dist.","MRT Beitou Sta.","Ln. 2, Guangming Rd. & Guangming Rd.  Intersection","0","1"
"456","1","20131007110327","1","118","大業大同街口","","36","3","32","大業大同街口
有車3
有空位32","北投區","20150720182526","42205.452777778","25.136929","121.499152","大業路/大同街口","Beitou Dist.","Daye & Datong Intersection","Daye Rd. & Datong St.  Intersection","0","1"
"457","1","20131007110507","1","119","捷運劍南路站(2號出口)","","56","40","16","捷運劍南路站(2號出口)
有車40
有空位16","中山區","20150720182526","42205.452777778","25.08418","121.555116","敬業二路/植福路(東北側)","Zhongshan Dist.","MRT Jiannan Rd. Sta.(Exit 2)","Jingye 2nd Rd. & Zhifu Rd.","0","1"
"458","1","20131007190221","1","120","捷運龍山寺站(1號出口)","","46","23","23","捷運龍山寺站(1號出口)
有車23
有空位23","萬華區","20150720182526","42205.452777778","25.035479","121.50026","和平西路三段/和平西路三段109巷(西北側)","Wanhua Dist.","MRT Longshan Temple Sta. (Exit. 1)","Sec. 3, Heping W. Rd. & Ln. 109, Sec. 3, Heping W. Rd.","0","1"
"459","1","20131014205048","1","121","龍江南京路口","","66","47","19","龍江南京路口
有車47
有空位19","中山區","20150720182526","42205.452777778","25.05298","121.540568","龍江路110號對面停車場","Zhongshan Dist.","Longjiang & Nanjing Intersection","No.100, Longjiang Rd.","0","1"
"460","1","20131016120358","1","122","捷運港墘站(2號出口)","","50","34","15","捷運港墘站(2號出口)
有車34
有空位15","內湖區","20150720182526","42205.452777778","25.079681","121.575458","內湖路一段/港墘路(東南側)","Neihu Dist.","MRT Gangqian Sta. (Exit 2)","","0","1"
"461","1","20131016123650","1","123","天母運動公園","","44","17","27","天母運動公園
有車17
有空位27","士林區","20150720182526","42205.452777778","25.116325","121.534136","忠誠路二段/忠誠路二段207巷(東南側)","Shilin Dist.","Tienmu Sports Park","Sec.2,Zhongcheng Rd./Ln.207,Sec.2,Zhongcheng Rd.","0","1"
"462","1","20131023182911","1","124","振華公園","","36","31","5","振華公園
有車31
有空位5","北投區","20150720182526","42205.452777778","25.115863","121.518163","振華街36號對面","Beitou Dist.","Zenhua Park","No.36, Zhenhua St.","0","1"
"463","1","20131023183035","1","125","華西公園","","30","5","25","華西公園
有車5
有空位25","萬華區","20150720182526","42205.452777778","25.038609","121.498495","華西街/桂林路(東北側)","Wanhua Dist.","Huaxi Park","Huaxi St. & Guilin Rd.","0","1"
"464","1","20131023183949","1","126","敦化基隆路口","","30","0","30","敦化基隆路口
有車0
有空位30","大安區","20150720182526","42205.452777778","25.022073","121.548336","敦化南路二段/基隆路二段交叉口","Daan Dist.","Dunhua & Keelung Intersection","Sec. 2, Dunhua S. Rd. & Sec. 2, Keelung Rd.","0","1"
"465","1","20131108100906","1","127","東湖國中","","40","15","25","東湖國中
有車15
有空位25","內湖區","20150720182526","42205.452777778","25.073277","121.619521","康樂街/康樂街125巷(東南側)","Neihu Dist.","Donghu Junior High School","Kangle St./Ln. 125, Kangle St.","0","1"
"467","1","20131120191945","1","129","捷運文德站(2號出口)","","50","21","29","捷運文德站(2號出口)
有車21
有空位29","內湖區","20150720182526","42205.452777778","25.078292","121.585264","文德路220巷/文德路(西南側)","Neihu Dist.","MRT Wende Sta. (Exit 2)","Ln. 220, Wende Rd./Wende Rd.","0","1"
"468","1","20131120192101","1","130","羅斯福寧波東街口","","26","16","10","羅斯福寧波東街口
有車16
有空位10","中正區","20150720182526","42205.452777778","25.031445","121.519411","羅斯福路一段/寧波東街(東南側)","Zhongzheng Dist.","Roosevelt & Ningbo E. St. Intersection","Sec. 1, Roosevelt Rd. & Ningbo E. St.","0","1"
"470","1","20131211192233","1","132","羅斯福新生南路口","","88","58","26","羅斯福新生南路口
有車58
有空位26","大安區","20150720182526","42205.452777778","25.01603085","121.5331757","羅斯福路四段/新生南路三段交叉口","Daan Dist.","Roosevelt & Xinsheng S. Intersection","Sec. 4, Roosevelt Rd./Sec. 3, Xinsheng S. Rd.","1","1"
"471","1","20131217085155","1","133","蘭興公園","","40","24","15","蘭興公園
有車24
有空位15","士林區","20150720182526","42205.452777778","25.111839","121.525888","中山北路六段/士東路(西北側)","Shilin Dist.","Lanxing Park","Sec.6, Zhongshan N. Rd / Shidong Rd","0","1"
"472","1","20131217085353","1","134","捷運芝山站(2號出口)","","64","2","62","捷運芝山站(2號出口)
有車2
有空位62","士林區","20150720182526","42205.452777778","25.10336","121.522629","福華路/福華路162巷(東南側)","Shilin Dist.","MRT Zhishan Sta.(Exit 2)","Fuhua Rd. / Ln. 162, Fuhua Rd.","0","1"
"473","1","20131217203111","1","135","捷運石牌站(2號出口)","","54","16","38","捷運石牌站(2號出口)
有車16
有空位38","北投區","20150720182526","42205.452777778","25.114513","121.515677","東華街一段/裕民二路(西側)	","Beitou Dist.","MRT Shipai Sta. (Exit 2)","Sec. 1, Donghua St. / Yumin 2nd Rd.","0","1"
"474","1","20131217203556","1","136","國立臺北護理健康大學","","30","6","24","國立臺北護理健康大學
有車6
有空位24","北投區","20150720182526","42205.452777778","25.118049","121.517512","石牌路二段130巷/石牌路二段(東南側)","Beitou Dist.","NTUNHS","Ln. 130, Sec. 2, Shipai Rd. / Sec. 2, Shipai Rd.","0","1"
"475","1","20131223134159","1","137","國防大學","","46","1","45","國防大學
有車1
有空位45","北投區","20150720182526","42205.452777778","25.137976","121.493066","中央北路二段/豐年路二段交叉口","Beitou Dist.","Nat’l Defense U.","Sec. 2, Zhongyang N. Rd. / Sec. 2, Fengnian Rd.","0","1"
"477","1","20131226100109","1","139","永樂市場","","30","0","30","永樂市場
有車0
有空位30","大同區","20150720182526","42205.452777778","25.054501","121.510549","民樂街/南京西路233巷(西北側)","Datong Dist.","Yongle Market","Minle St., Datong Dist./Ln. 233, Nanjing W. Rd.","0","1"
"479","1","20131226100427","1","141","文山行政中心","","36","14","22","文山行政中心
有車14
有空位22","文山區","20150720182526","42205.452777778","24.989902","121.569984","木柵路三段220號前","Wenshan Dist.","Wenshan Dist. Admin. Center","No.220, Sec. 3, Muzha Rd.","0","1"
"480","1","20131226100530","1","142","捷運木柵站","","52","16","36","捷運木柵站
有車16
有空位36","文山區","20150720182526","42205.452777778","24.997747","121.574214","木柵路四段82巷18號前(捷運橋樑下)","Wenshan Dist.","MRT Muzha Sta.","No.18, Ln. 82, Sec. 4, Muzha Rd.","0","1"
"481","1","20131226100624","1","143","捷運動物園站(2號出口)","","72","28","44","捷運動物園站(2號出口)
有車28
有空位44","文山區","20150720182526","42205.452777778","24.997659","121.578752","新光路二段28號前","Wenshan Dist.","MRT Taipei Zoo Sta.(Exit 2)","No.28, Sec. 2, Xinguang Rd.","0","1"
"482","1","20131231191442","1","144","國立政治大學","","70","38","32","國立政治大學
有車38
有空位32","文山區","20150720182526","42205.452777778","24.988363","121.576536","萬壽路16巷6號前","Wenshan Dist.","Nat’l Chengchi U.","No.6, Ln. 16, Wanshou Rd.","0","1"
"483","1","20140107090703","1","145","樹德公園","","40","5","35","樹德公園
有車5
有空位35","大同區","20150720182526","42205.452777778","25.066688","121.516149","大龍街/大龍街85巷(東北側)","Datong Dist.","Shude Park","Dalong St. / Ln. 85, Dalong St.","0","1"
"484","1","20140113132745","1","146","捷運士林站(2號出口)","","46","27","19","捷運士林站(2號出口)
有車27
有空位19","士林區","20150720182526","42205.452777778","25.092546","121.526556","中正路247巷/中山北路五段505巷(東南側)","Shilin Dist.","MRT Shilin Sta.(Exit 2)","Ln. 247, Zhongzheng Rd. / Ln. 505, Sec. 5, Zhongshan N. Rd.","0","1"
"485","1","20140113132930","1","147","士林運動中心","","32","14","18","士林運動中心
有車14
有空位18","士林區","20150720182526","42205.452777778","25.089175","121.521814","承德路四段/大南路(東北側)","Shilin Dist.","Shilin Sports Center","Sec. 4, Chengde Rd./Danan Rd.","0","1"
"486","1","20140113133113","1","148","捷運明德站","","68","24","43","捷運明德站
有車24
有空位43","北投區","20150720182526","42205.452777778","25.110331","121.518316","致遠一路一段46巷/西安街一段(東南側)","Beitou Dist.","MRT Mingde Sta.","Ln. 46, Sec. 1, Zhiyuan 1st Rd./Sec. 1, Xi’an St.","0","1"
"487","1","20140116103056","1","149","北投運動中心","","62","31","30","北投運動中心
有車31
有空位30","北投區","20150720182526","42205.452777778","25.116665","121.509621","石牌路一段39巷100號前","Beitou Dist.","Beitou Sports Center","No.100, Ln. 39, Sec. 1, Shipai Rd.","0","1"
"488","1","20140116103213","1","150","松德公園","","38","9","28","松德公園
有車9
有空位28","信義區","20150720182526","42205.452777778","25.036568","121.57343","松德路168巷20號前","Xinyi Dist.","Songde Park","No.20, Ln. 168, Songde Rd.","0","1"
"489","1","20140120085747","1","151","考試院","","34","9","25","考試院
有車9
有空位25","文山區","20150720182526","42205.452777778","24.987507","121.549827","試院路(雙號)/木柵路一段(東北側)","Wenshan Dist.","Examination Yuan","Shiyuan Rd. / Sec. 1, Muzha Rd., ","0","1"
"490","1","20140120085812","1","152","百齡國小","","40","15","24","百齡國小
有車15
有空位24","士林區","20150720182526","42205.452777778","25.08521","121.519175","前港街100巷/前港街(北方)","Shilin Dist.","Bailing Elementary School","Ln. 100, Qiangang St. / Qiangang St.","0","1"
"491","1","20140120085913","1","153","蔣渭水紀念公園","","40","13","26","蔣渭水紀念公園
有車13
有空位26","大同區","20150720182526","42205.452777778","25.059885","121.516299","錦西街51號對面","Datong Dist.","Jiang Wei-shui Memorial Park","No.51, Jinxi St., Datong Dist.","0","1"
"493","1","20140120191805","1","155","瑞光港墘路口","","30","12","18","瑞光港墘路口
有車12
有空位18","內湖區","20150720182526","42205.452777778","25.076193","121.57505","瑞光路/港墘路(西南側)","Neihu Dist.","Ruiguang & Gangqian Intersection","Ruiguang Rd. / Gangqian Rd.","0","1"
"494","1","20140120192640","1","156","東湖國小","","38","18","18","東湖國小
有車18
有空位18","內湖區","20150720182526","42205.452777778","25.068409","121.615938","東湖路/東湖路119巷(西北側)","Neihu Dist.","Donghu Elementary School","Donghu Rd. / Ln. 119, Donghu Rd.","0","1"
"495","1","20140120192800","1","157","麗山國小","","42","30","12","麗山國小
有車30
有空位12","內湖區","20150720182526","42205.452777778","25.082703","121.571467","內湖路一段411巷/內湖路一段411巷19弄(東北側)","Neihu Dist.","Lishan Elementary School","Ln. 411, Sec. 1, Neihu Rd. / Aly. 19, Ln. 411, Sec. 1, Neihu Rd.","0","1"
"496","1","20140120192919","1","158","捷運東湖站","","48","12","35","捷運東湖站
有車12
有空位35","內湖區","20150720182526","42205.452777778","25.066635","121.613505","安康路315巷/五分街14巷(西側)","Neihu Dist.","MRT Donghu Sta. ","Ln. 315, Ankang Rd./Ln. 14, Wufen St.","0","1"
"497","1","20140120193043","1","159","捷運西湖站(1號出口)","","36","10","26","捷運西湖站(1號出口)
有車10
有空位26","內湖區","20150720182526","42205.452777778","25.082866","121.566695","環山路一段9巷/內湖路一段285巷(西南側)","Neihu Dist.","MRT Xihu Sta. (Exit 1)","Ln. 9, Sec. 1, Huanshan Rd./Ln. 285, Sec. 1, Neihu Rd.","0","1"
"498","1","20140120193250","1","160","捷運中山站(4號出口)","","30","5","25","捷運中山站(4號出口)
有車5
有空位25","大同區","20150720182526","42205.452777778","25.053082","121.52029","南京西路/南京西路25巷(東北側)","Datong Dist.","MRT Zhongshan Sta. (Exit 4)","Nanjing W. Rd. / Ln. 25, Nanjing W. Rd.","0","1"
"508","1","20140124111726","1","161","大豐公園","","56","25","31","大豐公園
有車25
有空位31","北投區","20150720182526","42205.452777778","25.131143","121.503768","磺港路/大興街(東北側)","Beitou Dist.","Dafong Park","Huanggang Rd. / Daxing St.","0","1"
"544","1","20140506133414","1","162","捷運中山國小站(4號出口)","","70","46","24","捷運中山國小站(4號出口)
有車46
有空位24","中山區","20150720182526","42205.452777778","25.062924","121.52772","民權東路一段/新生北路三段(北側)(新生高架橋下)","Zhongshan Dist.","MRT Zhongshan Elementary School sta.(Exit 4)","Sec. 1, Minquan E. Rd./Sec. 3, Xinsheng N. Rd","0","1"
"565","1","20140703135549","1","163","捷運麟光站2號出口","","72","5","67","捷運麟光站2號出口
有車5
有空位67","大安區","20150720182526","42205.452777778","25.018097","121.559279","和平東路三段/和平東路三段416巷(捷運高架橋下)","Daan Dist.","MRT Linguang Sta. (Exit 2)","Sec. 3, Heping E. Rd./Ln. 416,Sec. 3, Heping E. Rd.","0","1"
"567","1","20140703140052","1","165","捷運唭哩岸站(2號出口)","","62","15","47","捷運唭哩岸站(2號出口)
有車15
有空位47","北投區","20150720182526","42205.452777778","25.120788","121.505693","西安街二段/立農街一段257巷","Beitou Dist.","MRT Qilian Sta. (Exit 2)","Sec. 2, Xi'an St./Ln. 257,Sec. 2, Linong St.","0","1"
"568","1","20140703140202","1","166","臺北市立景美女中","","34","11","23","臺北市立景美女中
有車11
有空位23","文山區","20150720182526","42205.452777778","24.980602","121.556177","木新路三段/一壽街(西北側)","Wenshan Dist.","Taipei JingMei Girls High School","Sec. 3, Muxin Rd./Yishou St.","0","1"
"619","1","20141030093333","1","169","植物園","","44","1","38","植物園
有車1
有空位38","中正區","20150720182526","42205.452777778","25.030015","121.509813","和平西路二段100號前","Zhongzheng Dist.","Taipei Botanical Garden","No.100, Sec. 2, Heping W. Rd.","0","1"
"621","1","20141030093619","1","171","文山運動中心","","38","11","27","文山運動中心
有車11
有空位27","文山區","20150720182526","42205.452777778","24.996842","121.559651","興隆路三段/興隆路三段192巷8弄","Wenshan Dist.","Taipei Wen Shan Sports Center","Sec. 3, Xinglong Rd./Aly. 8, Ln. 192, Sec. 3, Xinglong Rd.","0","1"
"622","1","20141030093754","1","172","捷運南京三民站(1號出口)","","24","4","20","捷運南京三民站(1號出口)
有車4
有空位20","松山區","20150720182526","42205.452777778","25.051518","121.563785","南京東路五段/三民路(西北側)","Songshan Dist.","MRT Nanjing Sanmin Sta. (Exit 1)","Sec. 5, Nanjing E. Rd./Sanmin Rd.","0","1"
"623","1","20141030093914","1","173","捷運松江南京站(7號出口)","","56","0","55","捷運松江南京站(7號出口)
有車0
有空位55","中山區","20150720182526","42205.452777778","25.052181","121.533211","松江路/南京東路二段(東北側)","Zhongshan Dist.","MRT Songjiang Nanjing Sta. (Exit 7)","Sec. 2, Nanjing E. Rd./Sec. 2, Nanjing E. Rd.","0","1"
"624","1","20141030094100","1","174","捷運小巨蛋站(5號出口)","","52","19","30","捷運小巨蛋站(5號出口)
有車19
有空位30","松山區","20150720182526","42205.452777778","25.051702","121.553057","南京東路四段/健康路(東北側)","Songshan Dist.","MRT Taipei Arena Sta. (Exit 5)","Sec. 4, Nanjing E. Rd./Jiankang Rd.","1","1"
"626","1","20141030094512","1","176","興安華城","","98","33","64","興安華城
有車33
有空位64","中山區","20150720182526","42205.452777778","25.055997","121.542318","興安街/遼寧街","Zhongshan Dist.","Xingan Huacheng Community","Xing’an St./Liaoning St.","0","1"
"627","1","20141030094629","1","177","葫蘆國小","","40","32","8","葫蘆國小
有車32
有空位8","士林區","20150720182526","42205.452777778","25.082538","121.507495","環河北路三段/葫蘆街(東北側)","Shilin Dist.","Hulu Elementary School","Sec. 3, Huanhe N. Rd./Hulu St.","0","1"
"628","1","20141030094729","1","178","延平國宅","","32","4","26","延平國宅
有車4
有空位26","士林區","20150720182526","42205.452777778","25.078908","121.510306","延平北路五段一巷40號前","Shilin Dist.","Yanping Public Housing","No.40, Ln. 1, Sec. 5, Yanping N. Rd.","0","1"
"629","1","20141030094833","1","179","南港公園","","52","7","44","南港公園
有車7
有空位44","南港區","20150720182526","42205.452777778","25.041278","121.590885","福德街383號對面(南港公園出口前)","Nangang Dist.","Nangang Park","No.383, Fude St.","0","1"
"630","1","20141031110803","1","180","福華商場","","40","12","26","福華商場
有車12
有空位26","內湖區","20150720182526","42205.452777778","25.06877","121.592654","民權東路六段/民權東路六段180巷(石潭平面停車場內)","Neihu Dist.","Fuhua Market","Sec. 6, Minquan E. Rd./Ln. 180, Sec. 6, Minquan E. Rd.","0","1"
"634","1","20141111160402","1","181","建國和平路口","","52","7","45","建國和平路口
有車7
有空位45","大安區","20150720182526","42205.452777778","25.02585","121.537383","建國南路二段/和平東路二段(西北側)","Daan Dist.","JianGuo & Heping Intersection","Sec. 2, Jianguo S. Rd./Sec. 2, Heping E. Rd.","0","1"
"636","1","20141117144914","1","182","捷運古亭站(2號出口)","","50","26","22","捷運古亭站(2號出口)
有車26
有空位22","中正區","20150720182526","42205.452777778","25.0253","121.523537","羅斯福路二段/羅斯福路二段174巷(捷運古亭站2號出口前)","Zhongzheng Dist.","MRT Guting Sta. (Exit 2)","Sec. 2, Roosevelt Rd./Ln. 174, Sec. 2, Roosevelt Rd.","0","1"
"638","1","20141125174446","1","183","圓環站","","38","16","22","圓環站
有車16
有空位22","大同區","20150720182526","42205.452777778","25.053884","121.514549","南京西路/重慶北路一段(東南側)","Datong Dist.","Yuanhuan","Nanjing W. Rd./Sec. 1, Chongqing N. Rd.","0","1"
"639","1","20141125174609","1","184","劍潭社區","","42","20","22","劍潭社區
有車20
有空位22","中山區","20150720182526","42205.452777778","25.084759","121.537892","通北街143號前","Zhongshan Dist.","Jiantan Community","No.143, Tongbei St.","0","1"
"640","1","20141125174723","1","185","瑠公公園","","30","21","9","瑠公公園
有車21
有空位9","大安區","20150720182526","42205.452777778","25.042342","121.54605","大安路一段/大安路一段75巷(西側)","Daan Dist.","LiuGong Park","Ln. 75, Sec. 1/Ln. 75, Sec. 1, Da’an Rd.","0","1"
"641","1","20141125174902","1","186","臺北市立大學","","82","36","45","臺北市立大學
有車36
有空位45","中正區","20150720182526","42205.452777778","25.035414","121.514218","愛國西路/公園路(西北側)","Zhongzheng Dist.","University of Taipei","Aiguo W. Rd./Gongyuan Rd.","0","1"
"642","1","20141125175954","1","187","仁愛延吉街口","","34","5","29","仁愛延吉街口
有車5
有空位29","大安區","20150720182526","42205.452777778","25.037465","121.555769","仁愛路四段/延吉街(東南側)","Daan Dist.","Renai & Yanji Intersection","Sec. 4, Ren’ai Rd./Yanji St.","0","1"
"643","1","20141125180200","1","188","社子國小","","60","20","39","社子國小
有車20
有空位39","士林區","20150720182526","42205.452777778","25.090293","121.50189","延平北路六段/社中街(社子國小對面跨提便道橋下)","Shilin Dist.","Taipei Municipal Shezi Elementary School","Sec. 6, Yanping N. Rd./Shezhong St.","0","1"
"644","1","20141125180308","1","189","金瑞公園(金龍路)","","38","20","18","金瑞公園(金龍路)
有車20
有空位18","內湖區","20150720182526","42205.452777778","25.087848","121.587821","金龍路213巷1弄7號前","Neihu Dist.","JinRui Park","No.7, Aly. 1, Ln. 213, Jinlong Rd.","0","1"
"645","1","20141125180523","1","190","捷運大直站(3號出口)","","52","20","32","捷運大直站(3號出口)
有車20
有空位32","中山區","20150720182526","42205.452777778","25.079278","121.546683","北安路458巷41弄/北安路536巷(捷運大直站3號出口前人行道)","Zhongshan Dist.","MRT Dazhi Sta. (Exit 3)","Aly. 41, Ln. 458, Bei’an Rd./Ln. 536, Bei’an Rd.","0","1"
"646","1","20141125180700","1","191","捷運大湖公園站(2號出口)","","58","32","25","捷運大湖公園站(2號出口)
有車32
有空位25","內湖區","20150720182526","42205.452777778","25.083945","121.601854","成功路五段/大湖山莊街(大湖公園地下停車場旁)","Neihu Dist.","MRT Dahu Park Sta. (Exit 2)","Sec. 5, Chenggong Rd./Dahu Shanzhuang St.","1","1"
"647","1","20141125180839","1","192","捷運葫洲站(1號出口)","","44","31","11","捷運葫洲站(1號出口)
有車31
有空位11","內湖區","20150720182526","42205.452777778","25.072485","121.607955","康寧路三段/成功路五段450巷21弄(西北側)(捷運葫洲站1號出口前自行車停放區)","Neihu Dist.","MRT Huzhou Sta. (Exit 1)","Sec. 3, Kangning Rd./Aly. 21, Ln. 450, Sec. 5, Chenggong Rd.","0","1"
"610","1","20141028183638","1","1029","仁愛公園","","60","9","49","仁愛公園
有車9
有空位49","永和區","20150720182526","42205.452777778","25.009838","121.505825","仁愛路/保生路","Yonghe Dist.","Renai Park","Ren’ai Rd./Baosheng Rd.","0","1"
"648","1","20141125181100","1","193","舊莊區民活動中心","","36","14","22","舊莊區民活動中心
有車14
有空位22","南港區","20150720182526","42205.452777778","25.041277","121.61935","舊莊街一段91巷/舊莊街一段91巷12弄(舊莊區民活動中心前)","Nangang Dist.","Jiuzhuang Recreation Center","Ln. 91, Sec. 1, Jiuzhuang St./Aly. 12, Ln. 91, Sec. 1, Jiuzhuang St.","0","1"
"650","1","20141125181425","1","195","信義杭州路口(中華電信總公司)","","50","2","48","信義杭州路口(中華電信總公司)
有車2
有空位48","中正區","20150720182526","42205.452777778","25.035851","121.523987","信義路一段/杭州南路一段(西北側)","Zhongzheng Dist.","Xinyi Hangzhou Intersection(Chunghwa Telecom)","Sec. 1, Xinyi Rd./Sec. 1, Hangzhou S. Rd.","0","1"
"658","1","20141125211302","1","196","新湖國小","","24","9","15","新湖國小
有車9
有空位15","內湖區","20150720182526","42205.452777778","25.068744","121.589233","民權東路六段/成功路二段320巷31弄(東南側)","Neihu Dist.","Xinhu Elementary School","Sec. 6, Minquan E. Rd./Aly. 31, Ln. 320, Sec. 2, Chenggong Rd.","0","1"
"535","1","20140429102552","1","1001","大鵬華城","","38","10","28","大鵬華城
有車10
有空位28","新店區","20150720182526","42205.452777778","24.99116","121.53398","新北市新店區中正路700巷3號","Xindian Dist.","Dapeng Community","No. 3, Lane 700 Chung Cheng Road, Xindian District","0","1"
"539","1","20140429103621","1","1005","裕隆公園","","40","5","34","裕隆公園
有車5
有空位34","新店區","20150720182526","42205.452777778","24.979649","121.546319","寶中路/品牌路口(東南側)","Xindian Dist.","Yulon Park","","0","1"
"540","1","20140429103905","1","1006","捷運大坪林站","","32","19","13","捷運大坪林站
有車19
有空位13","新店區","20150720182526","42205.452777778","24.983977","121.541721","寶安街/寶安街58巷(西北側)","Xindian Dist.","MRT Dapinglin Sta.","Bao'an St./Ln. 58,Bao'an St","0","1"
"573","1","20140728142622","1","1007","汐科火車站(北)","","34","18","16","汐科火車站(北)
有車18
有空位16","汐止區","20150720182526","42205.452777778","25.064106","121.653019","大同路二段184巷/龍安路202巷(西側)(汐科火車站北站出口前)","Xizhi Dist.","Xike Railway Station(North)","Ln. 184,Sec. 2, Datong Rd./Ln. 202,Long’an Rd.","0","1"
"579","1","20140918085945","1","1008","興華公園","","40","19","19","興華公園
有車19
有空位19","三重區","20150720182526","42205.452777778","25.060125","121.483101","重陽路一段120巷/中華路2巷","Sanchong Dist.","Xinghua Park","Ln. 120, Sec. 1, Chongyang Rd./Ln. 2, Zhonghua Rd.","0","1"
"580","1","20140918105711","1","1009","三重國民運動中心","","68","1","65","三重國民運動中心
有車1
有空位65","三重區","20150720182526","42205.452777778","25.054391","121.488489","集美街/重新路四段184巷","Sanchong Dist.","San chong Civil Sports Center","Jimei St., Sanchong Dist./Ln. 184, Sec. 4, Chongxin Rd.","2","1"
"581","1","20140918105918","1","1010","捷運三重站(3號出口)","","34","10","23","捷運三重站(3號出口)
有車10
有空位23","三重區","20150720182526","42205.452777778","25.055883","121.484739","捷運路/捷運路37巷","Sanchong Dist.","MRT Sanchong Sta. (Exit 3)","Jieyun Rd./Ln. 37, Jieyun Rd.","0","1"
"582","1","20140918110056","1","1011","樟樹國小","","48","23","24","樟樹國小
有車23
有空位24","汐止區","20150720182526","42205.452777778","25.066688","121.640367","樟樹二路/樟樹一路141巷","Xizhi Dist.","Zhangshu Elementary School","Zhangshu 2nd Rd./Ln. 141, Zhangshu 1st Rd.","0","1"
"583","1","20140918110302","1","1012","金龍國小","","52","11","41","金龍國小
有車11
有空位41","汐止區","20150720182526","42205.452777778","25.0688","121.628908","中興路/民族六街","Xizhi Dist.","Jinlong Elementary School","Zhongxing Rd./Minzu 6th St.","0","1"
"584","1","20140918110433","1","1013","白雲國小","","46","4","40","白雲國小
有車4
有空位40","汐止區","20150720182526","42205.452777778","25.047578","121.618888","民權街二段90號","Xizhi Dist.","Pai Yun Primary School","No.90, Sec. 2, Minquan St.","0","1"
"585","1","20140918110612","1","1014","東勢宜興活動中心","","52","1","50","東勢宜興活動中心
有車1
有空位50","汐止區","20150720182526","42205.452777778","25.039031","121.624333","東勢街/芳園街","Xizhi Dist.","Yixing-Dongshi Civic Center","Dongshi St./Fangyuan St.","0","1"
"595","1","20141021130950","1","1015","後港公園","","40","8","29","後港公園
有車8
有空位29","新莊區","20150720182526","42205.452777778","25.025358","121.428348","建安街/建安街57巷","Xinzhuang Dist.","@ougang Park","Ln. 57, Jian’an St./Jian’an St.","0","1"
"596","1","20141021131145","1","1016","福營行政中心","","42","18","23","福營行政中心
有車18
有空位23","新莊區","20150720182526","42205.452777778","25.024125","121.42387","四維路17號-20號","Xinzhuang Dist.","Fuying Administration Center","No.17, Siwei Rd./No.20, Siwei Rd.","0","1"
"597","1","20141021131407","1","1017","西盛公園","","36","17","16","西盛公園
有車17
有空位16","新莊區","20150720182526","42205.452777778","25.017113","121.428048","新莊區西盛街/西盛街201巷","Xinzhuang Dist.","Xisheng Park","Xisheng St./Ln. 201, Xisheng St.","0","1"
"598","1","20141021131528","1","1018","忠誠里(北新路2段97巷)","","40","2","38","忠誠里(北新路2段97巷)
有車2
有空位38","新店區","20150720182526","42205.452777778","24.974272","121.542779","北新路二段/北新路二段97巷","Xindian Dist.","Zhongcheng Village (Ln. 97, Sec. 2, Beixin Rd)","Sec. 2, Beixin Rd./Ln. 97, Sec. 2, Beixin Rd.","0","1"
"600","1","20141021134043","1","1020","重陽國小","","42","5","33","重陽國小
有車5
有空位33","三重區","20150720182526","42205.452777778","25.066245","121.484337","中正北路/三民街175巷","Sanchong Dist.","Chong Yang Elementary School","Zhongzheng N. Rd./Ln. 175, Sanmin St.","3","1"
"601","1","20141021134207","1","1021","明志國中","","50","15","32","明志國中
有車15
有空位32","三重區","20150720182526","42205.452777778","25.063396","121.488982","中正北路107號","Sanchong Dist.","Mingzhi Junior High School","No.107, Zhongzheng N. Rd","0","1"
"602","1","20141021134300","1","1022","三重商工","","64","13","46","三重商工
有車13
有空位46","三重區","20150720182526","42205.452777778","25.068681","121.480705","中正北路/中正北路276巷","Sanchong Dist.","San-Chung Commercial and Industrial Vocational High School","Ln. 276, Zhongzheng N. Rd.","0","1"
"603","1","20141021134415","1","1023","捷運新莊站(1號出口)","","60","22","37","捷運新莊站(1號出口)
有車22
有空位37","新莊區","20150720182526","42205.452777778","25.036152","121.452069","中正路/中華路一段","Xinzhuang Dist.","MRT Xinzhuang Sta. (Exit 1)","Zhongzheng Rd./Sec. 1, Zhonghua Rd.","0","1"
"604","1","20141021134521","1","1024","原興廣場","","52","30","19","原興廣場
有車30
有空位19","汐止區","20150720182526","42205.452777778","25.065042","121.633149","原興路/中興路150巷","Xizhi Dist.","Yuan Xing Square","Yuanxing Rd./Ln. 150, Zhongxing Rd.","0","1"
"612","1","20141028184125","1","1031","金龍公園","","52","8","43","金龍公園
有車8
有空位43","汐止區","20150720182526","42205.452777778","25.069473","121.631525","湖前街31巷2弄/湖前街31巷","Xizhi Dist.","Jinlong Park","Aly. 2, Ln. 31, Huqian St./Ln. 31, Huqian St.","1","1"
"613","1","20141028184508","1","1032","重陽公園","","50","14","36","重陽公園
有車14
有空位36","蘆洲區","20150720182526","42205.452777778","25.085688","121.483618","集賢路221巷重陽活動中心","Luzhou Dist.","Chong Yang Park","Ln. 221, Jixian Rd.","0","1"
"614","1","20141028184609","1","1033","捷運三民高中站(1號出口)","","78","2","74","捷運三民高中站(1號出口)
有車2
有空位74","蘆洲區","20150720182526","42205.452777778","25.085815","121.472722","三民路105號","Luzhou Dist.","MRT Sanmin Senior High School Sta. (Exit 1)","No.105, Sanmin Rd.","0","1"
"616","1","20141028184850","1","1035","丹鳳派出所","","38","16","22","丹鳳派出所
有車16
有空位22","新莊區","20150720182526","42205.452777778","25.027694","121.414662","雙鳳路77巷丹鳳派出所前","Xinzhuang Dist.","Danfeng Police Substation","Ln. 77, Shuangfeng Rd.(Danfeng Police Station)","0","1"
"617","1","20141028184935","1","1036","小金門友誼公園","","60","38","21","小金門友誼公園
有車38
有空位21","新店區","20150720182526","42205.452777778","24.977227","121.53814","民族路/建興街","Xindian Dist.","Little Kinmen Park","Jianxing St.","0","1"
"618","1","20141028185026","1","1037","中興寶橋路口","","52","12","35","中興寶橋路口
有車12
有空位35","新店區","20150720182526","42205.452777778","24.97618","121.54687","中興路三段1號旁","Xindian Dist.","Zhongxing & Baoqiao Intersection　","No.1, Sec. 3, Zhongxing Rd.","0","1"
"631","1","20141106143027","1","1038","新莊棒球場","","38","26","12","新莊棒球場
有車26
有空位12","新莊區","20150720182526","42205.452777778","25.041603","121.446053","和興街75號/復興路一段23號","Xinzhuang Dist.","Xinzhuang Baseball Court","No.75, Hexing St./No.23, Sec. 1, Fuxing Rd.","0","1"
"637","1","20141118102318","1","1039","頂溪國小","","50","1","39","頂溪國小
有車1
有空位39","永和區","20150720182526","42205.452777778","25.015811","121.511261","文化路133號(西側)","Yonghe Dist.","Tinghsi Elementary School","No.133, Wenhua Rd.","0","1"
"651","1","20141125182230","1","1040","永和國小","","38","6","32","永和國小
有車6
有空位32","永和區","20150720182526","42205.452777778","25.002272","121.517442","中正路390號至426號對面","Yonghe Dist.","Yonghe Elementary School","No.390 to No.426, Zhongzheng Rd.(opposite)","0","1"
"652","1","20141125182421","1","1041","秀朗國小","","46","10","34","秀朗國小
有車10
有空位34","永和區","20150720182526","42205.452777778","24.999392","121.522843","民生路15號至23號對面","Yonghe Dist.","Xiu Lang Elementary School","No.15 to No.23, Minsheng Rd.(opposite)","0","1"
"654","1","20141125191343","1","1043","捷運頂溪站(1號出口)","","36","7","24","捷運頂溪站(1號出口)
有車7
有空位24","永和區","20150720182526","42205.452777778","25.012176","121.515271","中興街1號對面","Yonghe Dist.","MRT Dingxi Sta. (Exit 1)","No.1, Zhongxing St.(opposite)","2","1"
"655","1","20141125191621","1","1044","保安永平路口","","42","9","33","保安永平路口
有車9
有空位33","永和區","20150720182526","42205.452777778","25.012691","121.506471","保安路248號至250號對面","Yonghe Dist.","Bao'an & Yongping Intersection","No.248 to No.250, Bao’an Rd.","0","1"
"657","1","20141125192433","1","1046","新店高中","","42","4","34","新店高中
有車4
有空位34","新店區","20150720182526","42205.452777778","24.974181","121.534209","三民路159巷/三民路108號(對面人行道)","Xindian Dist.","Hsin Tien Senior High School","Ln. 159, Sanmin Rd./ No.108, Sanmin Rd.","1","1"
"659","1","20141125211735","1","1047","新莊文化藝術中心","","48","6","42","新莊文化藝術中心
有車6
有空位42","新莊區","20150720182526","42205.452777778","25.04715","121.444453","中平路133號前","Xinzhuang Dist.","Xinzhuang Culture and Arts Center","No.133, Zhongping Rd.","0","1"
"660","1","20141126084412","1","1048","中華中原路口","","58","19","38","中華中原路口
有車19
有空位38","新莊區","20150720182526","42205.452777778","25.054232","121.451752","中原路/中華路二段","Xinzhuang Dist.","Zhonghua & Zhongyuan Intersection","Zhongyuan Rd./Sec. 2, Zhonghua Rd","0","1"
"662","1","20141127203020","1","1049","新北高中","","60","0","56","新北高中
有車0
有空位56","三重區","20150720182526","42205.452777778","25.087225","121.489525","三信路1號旁","Sanchong Dist.","New Taipei Senior High School","No.1, Sanxin Rd.","0","1"
"664","1","20141211161027","1","1050","福壽公園","","36","2","29","福壽公園
有車2
有空位29","新莊區","20150720182526","42205.452777778","25.051829","121.457746","福壽街130號至140號(對面福壽公園)","Xinzhuang Dist.","Fushou Park","No.130 to No.140, Fushou St.","0","1"
"667","1","20141211161603","1","1053","永平高中","","34","4","28","永平高中
有車4
有空位28","永和區","20150720182526","42205.452777778","25.010163","121.509358","永平路/永平路203巷口(靠學校圍牆路側)","Yonghe Dist.","Yong-Ping High School","Yongping Rd./Ln. 203, Yongping Rd.","0","1"
"668","1","20141211161727","1","1054","惠國市場","","36","12","24","惠國市場
有車12
有空位24","新店區","20150720182526","42205.452777778","24.970415","121.543384","中正路75巷至中正路95巷間","Xindian Dist.","Huiguo Market","Ln. 75 to Ln. 95 , Zhongzheng Rd.","0","1"
"669","1","20141211161852","1","1055","陽光橋","","40","29","10","陽光橋
有車29
有空位10","新店區","20150720182526","42205.452777778","24.978494","121.524176","溪園路/中山路","Xindian Dist.","Sunshine Bridge","Xiyuan Rd./Zhongshan Rd.","0","1"
"670","1","20141211162021","1","1056","中興寶慶街口","","50","22","26","中興寶慶街口
有車22
有空位26","新店區","20150720182526","42205.452777778","24.986942","121.54195","中興路三段/寶慶街","Xindian Dist.","Zhongxing & Baoqing Intersection","Sec. 3, Zhongxing Rd./Baoqing St.","1","1"
"671","1","20141216110644","1","1057","東方科學園區","","52","0","50","東方科學園區
有車0
有空位50","汐止區","20150720182526","42205.452777778","25.061262","121.649512","新台五路一段90-116號","Xizhi Dist.","Oriental Science Park","No.90 to No.116, Sec. 1, Xintai 5th Rd.","0","1"
"673","1","20141216111135","1","1059","青山國民中小學","","50","14","36","青山國民中小學
有車14
有空位36","汐止區","20150720182526","42205.452777778","25.061034","121.655586","莊敬街33號","Xizhi Dist.","Qingshan Elementary and Junior High School","No.33, Zhuangjing St.","0","1"
"674","1","20141216111241","1","1060","汐止區綜合運動場","","44","22","22","汐止區綜合運動場
有車22
有空位22","汐止區","20150720182526","42205.452777778","25.066238","121.659067","汐科路/秀峰路","Xizhi Dist.","Xizhi Sports Field","Xike Rd./Xiufeng Rd.","0","1"
"675","1","20141216111342","1","1061","汐止公園","","52","1","49","汐止公園
有車1
有空位49","汐止區","20150720182526","42205.452777778","25.067682","121.659763","大同路二段451號","Xizhi Dist.","Xizhi Park","No.451, Sec. 2, Datong Rd.","0","1"
"676","1","20141216111457","1","1062","保順環河西路口","","58","18","39","保順環河西路口
有車18
有空位39","永和區","20150720182526","42205.452777778","25.010786","121.503376","保順環河西路口","Yonghe Dist.","Baoshun & Huanhe W. Intersection","Baoshun & Huanhe W. Intersection","1","1"
"677","1","20141216111603","1","1063","台灣科學園區","","40","4","35","台灣科學園區
有車4
有空位35","汐止區","20150720182526","42205.452777778","25.0579","121.634899","大同路一段237號前空地","Xizhi Dist.","Taiwan Science Park","No.237, Sec. 1, Datong Rd.","0","1"
"678","1","20141216111705","1","1064","中正國小","","32","11","19","中正國小
有車11
有空位19","新店區","20150720182526","42205.452777778","24.971496","121.536296","三民路36號-42-1號前機車格","Xindian Dist.","Chung Cheng Elementary School","No. 36 to No.42-1, Sanmin Rd.","0","1"
"679","1","20141216111758","1","1065","開元市民活動中心","","42","21","19","開元市民活動中心
有車21
有空位19","三重區","20150720182526","42205.452777778","25.066074","121.503557","開元街58號/長元街65巷16弄對面","Sanchong Dist.","Kaiyuan Civic Activity Center","No.58, Kaiyuan St./Aly. 16, Ln. 65, Changyuan St. (opposite)","2","1"
"730","1","20150401095109","1","1104","聯合醫院板橋院區","","34","18","16","聯合醫院板橋院區
有車18
有空位16","板橋區","20150720182526","42205.452777778","25.023832","121.457773","龍泉街131號旁人行道(立體停車場前)","Banqiao Dist.","New Taipei City Hospital Banqiao Branch","No.131, Longquan St.","0","1"
"684","1","20141225182228","1","1068","二重國中","","70","15","50","二重國中
有車15
有空位50","三重區","20150720182526","42205.452777778","25.065957","121.480465","忠孝路三段75巷1號至忠孝路三段75巷11號(對面人行道)","Sanchong Dist.","Er Chung Junior High School","No.1, Ln. 75, Sec. 3, Zhongxiao Rd. to No.11, Ln. 75, Sec. 3, Zhongxiao Rd. (opposite)","0","1"
"686","1","20141227132451","1","1070","新北市立圖書館三重分館","","50","14","36","新北市立圖書館三重分館
有車14
有空位36","三重區","20150720182526","42205.452777778","25.066099","121.495529","自強路一段162號至自強路一段二弄4號(對面停車場)","Sanchong Dist.","New Taipei City Library Sanchong Branch","No.162, Sec. 1, Ziqiang Rd. to No.4, Aly. 2, Sec. 1, Ziqiang Rd. (opposite)","0","1"
"687","1","20000101000000","1","1071","三張公園","","40","25","15","三張公園
有車25
有空位15","三重區","20150720182526","42205.452777778","25.070507","121.490935","大智街127號至大智路137號(對面三張公園)","Sanchong Dist.","Sanzhang Park","No.127, Dazhi St. to No.137, Dazhi St. (opposite)","0","1"
"692","1","20150114114343","1","1072","捷運丹鳳站(1號出口)","","46","24","21","捷運丹鳳站(1號出口)
有車24
有空位21","新莊區","20150720182526","42205.452777778","25.029032","121.422799","中正路/民安路","Xinzhuang Dist.","MRT Danfeng Sta. (Exit 1)","Zhongzheng Rd./Min’an Rd","0","1"
"693","1","20150114115044","1","1073","永福橋","","50","12","38","永福橋
有車12
有空位38","永和區","20150720182526","42205.452777778","25.010032","121.524184","豫溪街217巷27號對面人行道","Yonghe Dist.","Yongfu Bridge","No.27, Ln. 217, Yuxi St. (opposite)","0","1"
"694","1","20150114123708","1","1074","中港國小","","50","27","22","中港國小
有車27
有空位22","新莊區","20150720182526","42205.452777778","25.046418","121.447639","中和街62號對面","Xinzhuang Dist.","Zhonggang Elementary School","No.62, Zhonghe St. (opposite)","0","1"
"698","1","20150123135305","1","1075","六合公園","","40","25","15","六合公園
有車25
有空位15","三重區","20150720182526","42205.452777778","25.069499","121.487588","自強路二段74巷27號對面","Sanchong Dist.","Liuhe Park","No.27, Ln. 74, Sec. 2, Ziqiang Rd. (opposite)","0","1"
"699","1","20150126112425","1","1076","正義公園","","52","1","47","正義公園
有車1
有空位47","三重區","20150720182526","42205.452777778","25.068551","121.497818","文化北路101號至119號對面","Sanchong Dist.","Zhengyi Park","No.101 to No. 119, Wenhua N. Rd. (opposite)","1","1"
"700","1","20150128101224","1","1077","捷運徐匯中學站(1號出口)","","56","8","43","捷運徐匯中學站(1號出口)
有車8
有空位43","蘆洲區","20150720182526","42205.452777778","25.080468","121.479852","中山一路3號(捷運徐匯中學站1號出口旁)","Luzhou Dist.","MRT St.Ignatius High School Sta. (Exit 1)","No.3, Zhongshan 1st Rd.","0","1"
"701","1","20150128101530","1","1078","黃城公園","","38","20","18","黃城公園
有車20
有空位18","新莊區","20150720182526","42205.452777778","25.052382","121.448239","新莊區中信街74號旁","Xinzhuang Dist.","Huangcheng Park","No.74, Zhongxin St.","0","1"
"702","1","20150128101742","1","1079","捷運菜寮站(3號出口)","","30","4","25","捷運菜寮站(3號出口)
有車4
有空位25","三重區","20150720182526","42205.452777778","25.060471","121.492198","重新路三段67號旁","Sanchong Dist.","MRT Cailiao Sta. (Exit 3)","No.67, Sec. 3, Chongxin Rd.","0","1"
"703","1","20150128101900","1","1080","捷運三和國中站(1號出口)","","48","7","40","捷運三和國中站(1號出口)
有車7
有空位40","三重區","20150720182526","42205.452777778","25.075881","121.487795","三和路四段95號至97號對面(捷運三和國中站1號出口)","Sanchong Dist.","MRT Sanhe Junior High School Sta.","No.95 to N0. 97, Sec. 4, Sanhe Rd. (opposite)","0","1"
"704","1","20150128102152","1","1081","中和國民運動中心","","50","8","41","中和國民運動中心
有車8
有空位41","中和區","20150720182526","42205.452777778","24.993477","121.487692","和城路一段/中正二橋","Zhonghe Dist.","Zhonghe Civil Sports Center","Sec. 1, Hecheng Rd./  Zhongzheng Second Bridge ","0","1"
"706","1","20150209163148","1","1082","四維公園","","40","13","26","四維公園
有車13
有空位26","新莊區","20150720182526","42205.452777778","25.021308","121.422185","四維路181號對面(四維活動中心出口前)","Xinzhuang Dist.","Siwei Park","No.181, Siwei Rd. (opposite)","0","1"
"707","1","20150209163507","1","1083","蘆洲國民運動中心","","42","8","26","蘆洲國民運動中心
有車8
有空位26","蘆洲區","20150720182526","42205.452777778","25.091945","121.461613","長興路237巷/長興路","Luzhou Dist.","Luzhou Civil Sports Center","Ln. 237, Changxing Rd./Changxing Rd.","0","1"
"708","1","20150209163839","1","1084","和平公園","","36","16","17","和平公園
有車16
有空位17","三重區","20150720182526","42205.452777778","25.070884","121.485712","忠孝路二段/忠孝路二段32巷","Sanchong Dist.","Helping Park","Zhongxiao Rd./Ln. 32, Sec. 2, Zhongxiao Rd.","0","1"
"709","1","20150209163942","1","1085","三重綜合體育館","","52","38","12","三重綜合體育館
有車38
有空位12","三重區","20150720182526","42205.452777778","25.061446","121.491926","新北大道一段1號前人行道","Sanchong Dist.","Sanchong Sports Center","No.1, Sec. 1, New Taipei Blvd.","0","1"
"710","1","20150209164042","1","1086","信義公園","","36","6","28","信義公園
有車6
有空位28","三重區","20150720182526","42205.452777778","25.064804","121.498749","信義西街18號對面人行道","Sanchong Dist.","Xinyi Park","No.18, Xinyi W. St. (opposite)","0","1"
"712","1","20150309175045","1","1088","秀得里(成功路二段)","","28","3","25","秀得里(成功路二段)
有車3
有空位25","永和區","20150720182526","42205.452777778","25.000705","121.526729","成功路二段28號至34號","Yonghe Dist.","Xiu de Village (Chenggong Rd. Sec. 2)","No.28 to No.34, Sec. 2, Chenggong Rd.","0","1"
"713","1","20150309175327","1","1089","永平公園","","44","36","7","永平公園
有車36
有空位7","蘆洲區","20150720182526","42205.452777778","25.089987","121.459424","永樂街38巷42弄公園人行道(永平市場南側)","Luzhou Dist.","Yongping Park","Aly. 42, Ln. 38, Yongle St.","0","1"
"714","1","20150309175551","1","1090","永康公園","","30","20","10","永康公園
有車20
有空位10","蘆洲區","20150720182526","42205.452777778","25.084764","121.458733","長安街220巷6號對面人行道","Luzhou Dist.","Yongkang Park","No.6, Ln. 220, Chang’an St. (opposite)","0","1"
"715","1","20150309175712","1","1091","頭前運動公園","","50","16","25","頭前運動公園
有車16
有空位25","新莊區","20150720182526","42205.452777778","25.05218","121.462124","頭成街165號對面人行道","Xinzhuang Dist.","Touqian Sports Park","No.165, Toucheng St. (opposite)","1","1"
"718","1","20150316164117","1","1094","聯邦公園","","48","8","40","聯邦公園
有車8
有空位40","三重區","20150720182526","42205.452777778","25.064447","121.48371","三民街/中華路","Sanchong Dist.","Lian Bang Park","Sanmin St./Zhonghua Rd.","0","1"
"719","1","20150316164358","1","1095","捷運蘆洲站","","52","0","51","捷運蘆洲站
有車0
有空位51","蘆洲區","20150720182526","42205.452777778","25.091637","121.464031","三民路/中正路口","Luzhou Dist.","MRT Luzhou Sta.","Sanmin Rd./Zhongzheng Rd.","0","1"
"722","1","20150323161457","1","1096","集成成功路口","","32","1","29","集成成功路口
有車1
有空位29","三重區","20150720182526","42205.452777778","25.051542","121.488208","集成路2號至8號前人行道","Sanchong Dist.","Ji Cheng Cheng Gong Intersection","No.2 to No.8, Jicheng Rd.","0","1"
"724","1","20150323162327","1","1098","永安公園","","38","25","13","永安公園
有車25
有空位13","板橋區","20150720182526","42205.452777778","25.024786","121.477397","雙十路一段25號前人行道","Banqiao Dist.","Yongan Park","No.25, Sec. 1, Shuangshi Rd.","0","1"
"731","1","20150401095902","1","1105","捷運板橋站(3號出口)","","68","12","56","捷運板橋站(3號出口)
有車12
有空位56","板橋區","20150720182526","42205.452777778","25.014797","121.462051","文化路一段117號對面人行道","Banqiao Dist.","MRT Banqiao Sta.(Exit.3)","No.117, Sec. 1, Wenhua Rd. (opposite)","0","1"
"733","1","20150401100153","1","1107","新北市政府","","40","11","28","新北市政府
有車11
有空位28","板橋區","20150720182526","42205.452777778","25.012374","121.464224","新府路1號對面人行道","Banqiao Dist.","New Taipei City Hall","No.1, Xinfu Rd. (opposite)","1","1"
"734","1","20150401100259","1","1108","捷運板橋站(1號出口)","","90","1","88","捷運板橋站(1號出口)
有車1
有空位88","板橋區","20150720182526","42205.452777778","25.013174","121.4619","縣民大道二段3號(秀泰影城門口)","Banqiao Dist.","MRT Banqiao Sta.(Exit.1)","No.3, Sec. 2, Xianmin Blvd.","0","1"
"736","1","20150408152744","1","1109","板橋地政事務所","","52","24","26","板橋地政事務所
有車24
有空位26","板橋區","20150720182526","42205.452777778","25.007983","121.463387","實踐路5號對面","Banqiao Dist.","Banqiao Land Office","No.5, Shijian Rd. (opposite)","0","1"
"750","1","20150421103203","1","1122","自強溪尾街口","","40","21","19","自強溪尾街口
有車21
有空位19","三重區","20150720182526","42205.452777778","25.078153","121.489894","自強路4段/溪尾街","Sanchong Dist.","Ziqiang & Xiwei Intersection","Sec. 4, Ziqiang Rd./Xiwei St.","0","1"
"760","1","20150507131218","1","1123","捷運三重國小站","","54","6","44","捷運三重國小站
有車6
有空位44","三重區","20150720182526","42205.452777778","25.070418","121.497126","仁愛街/三和路3段11巷","Sanchong Dist.","MRT Sanchong Elementary School Sta.","Ren’ai St./Ln. 11, Sec. 3, Sanhe Rd.","0","1"
"752","1","20150421103813","1","1124","五堵火車站","","50","5","43","五堵火車站
有車5
有空位43","汐止區","20150720182526","42205.452777778","25.077493","121.666869","鄉長路一段人行道側","Xizhi Dist.","Wudu Railway Station","Sec. 1, Xiangzhang Rd.","0","1"
"753","1","20150421104036","1","1125","捷運南勢角站1號出口","","70","30","38","捷運南勢角站1號出口
有車30
有空位38","中和區","20150720182526","42205.452777778","24.990804","121.506978","捷運路131號至141號對面","Zhonghe Dist.","MRT Nanshijiao Sta.(Exit 1)","No.131 to No.141, Jieyun Rd.","0","1"
"754","1","20150421104240","1","1126","柳堤公園","","42","21","17","柳堤公園
有車21
有空位17","蘆洲區","20150720182526","42205.452777778","25.087989","121.462192","長樂路125號對面公園通道","Luzhou Dist.","Liuti Park","No.125, Changle Rd. (opposite)","3","1"
"755","1","20150427123748","1","1127","新北市立圖書館總館","","36","15","21","新北市立圖書館總館
有車15
有空位21","板橋區","20150720182526","42205.452777778","25.001583","121.455524","貴興路119巷","Banqiao Dist.","New Taipei City Library","Ln. 119, Guixing Rd.","0","1"
"757","1","20150504144523","1","1129","明志國小","","46","16","29","明志國小
有車16
有空位29","泰山區","20150720182526","42205.452777778","25.045729","121.426269","明志路二段324號對面人行道","Taishan Dist.","Mingzhi Elementary School","No.324, Sec. 2, Mingzhi Rd. (opposite)","0","1"
"761","1","20150518132855","1","1131","臺北醫院","","36","1","35","臺北醫院
有車1
有空位35","新莊區","20150720182526","42205.452777778","25.043536","121.459772","思源路131號至137號前人行道","Xinzhuang Dist.","Taipei Hospital","No.131 to No.137, Siyuan Rd.","0","1"
"764","1","20150518133624","1","1134","思賢國小","","52","29","23","思賢國小
有車29
有空位23","新莊區","20150720182526","42205.452777778","25.046446","121.457716","福樂街66號對面","Xinzhuang Dist.","Si Xian Elementary School","No.66, Fule St. (opposite)","0","1"
"767","1","20150520094316","1","1137","新海長江路口","","36","6","30","新海長江路口
有車6
有空位30","板橋區","20150720182526","42205.452777778","25.02853","121.457367","長江路一段/新海路","Banqiao Dist.","Xinhai & Changjiang Intersection","Sec. 1, Changjiang Rd./Xinhai Rd.","0","1"
"801","1","20150622122828","1","1168","建福公園","","38","9","28","建福公園
有車9
有空位28","新莊區","20150720182526","42205.452777778","25.027694","121.426685","建福路/建福路49巷","Xinzhuang Dist.","Jianfu Park","Jianfu Rd./Ln. 49, Jianfu Rd.","0","1"
"803","1","20150622123106","1","1170","金城延和路口","","38","8","30","金城延和路口
有車8
有空位30","土城區","20150720182526","42205.452777778","24.989155","121.470454","金城路三段/延和路(土城台電變電站)","Tucheng Dist.","Jincheng & Yanhe Intersection","Sec. 3, Jincheng Rd./Yanhe Rd.","0","1"
"805","1","20150626102803","1","1172","樹林火車站(後站)","","52","4","46","樹林火車站(後站)
有車4
有空位46","樹林區","20150720182526","42205.452777778","24.992553","121.424652","後站街6巷11號對面","Shulin Dist.","Shulin Railway Rear Station","No.11, Ln. 6, Houzhan St. (opposite)","0","1"
"806","1","20150626102957","1","1173","文林國小","","32","13","19","文林國小
有車13
有空位19","樹林區","20150720182526","42205.452777778","24.997856","121.42636","千歲街59號","Shulin Dist.","Wenlin Elementary School","No.59, Qiansui St.","0","1"
"809","1","20150702115843","1","1176","光華公園","","32","9","21","光華公園
有車9
有空位21","樹林區","20150720182526","42205.452777778","25.005412","121.413157","保安街2段259號對面","Shulin Dist.","Guanghua Park","No.259, Sec. 2, Bao’an St. (opposite)","0","1"
"810","1","20150702115939","1","1177","樹林大安活動中心","","36","26","10","樹林大安活動中心
有車26
有空位10","樹林區","20150720182526","42205.452777778","24.986391","121.41477","備前街/復興路372巷口","Shulin Dist.","Shulin Da'an Activity Center","Beiqian St./Ln. 372, Fuxing Rd.","0","1"
"812","1","20150702120121","1","1179","義學國小","","34","4","30","義學國小
有車4
有空位30","泰山區","20150720182526","42205.452777778","25.051762","121.431669","民生路33號對面人行道","Taishan Dist.","Yixue Elementary School","No.33, Minsheng Rd. (opposite)","0","1"
"816","1","20150708180731","1","1183","大安中央路口","","32","13","19","大安中央路口
有車13
有空位19","土城區","20150720182526","42205.452777778","24.965619","121.43261","大安路/中央路三段","Tucheng Dist.","Da'an & Zhongyang Intersection","Da’an Rd./Sec. 3, Zhongyang Rd.","0","1"
"819","1","20150715085921","1","1186","同興公園","","34","1","30","同興公園
有車1
有空位30","泰山區","20150720182526","42205.452777778","25.055188","121.432128","仁義路15號對面","Taishan Dist.","Tongxing Park","No.15, Renyi Rd. (opposite)","2","1"
"820","1","20150715090439","1","1187","新五泰國民運動中心","","30","20","8","新五泰國民運動中心
有車20
有空位8","泰山區","20150720182526","42205.452777778","25.055865","121.434262","全興路214號對面","Taishan Dist.","Xinwutai  Civil Sports Center","No.214, Quanxing Rd. (opposite)","2","1"
"454","1","20131003195156","1","116","福林公園","","44","30","14","福林公園
有車30
有空位14","士林區","20150720182526","42205.452777778","25.096122","121.530215","志成街/中正路(南側)","Shilin Dist.","Fulin Park","Zhicheng St. & Zhongzheng Rd.","0","1"
"476","1","20131226100026","1","138","捷運永春站(2號出口)","","30","5","25","捷運永春站(2號出口)
有車5
有空位25","信義區","20150720182526","42205.452777778","25.040558","121.575372","忠孝東路五段420號旁(東側巷道上)","Xinyi Dist.","MRT Yongchun Sta. (Exit 2)	","No.420, Sec. 5, Zhongxiao E. Rd.","0","1"
"478","1","20131226100222","1","140","捷運大橋頭站(2號出口)","","46","12","32","捷運大橋頭站(2號出口)
有車12
有空位32","大同區","20150720182526","42205.452777778","25.063404","121.512909","民權西路/重慶北路三段(東北側)","Datong Dist.","MRT Daqiaotou Sta. (Exit 2)","Minquan W. Rd./ Sec. 3, Chongqing N. Rd.","0","1"
"649","1","20141125181244","1","194","市民林森路口","","50","23","27","市民林森路口
有車23
有空位27","中山區","20150720182526","42205.452777778","25.047958","121.524388","市民大道二段/林森北路(東北側)","Zhongshan Dist.","Civic Blvd Linsen Intersection","Sec. 2, Civic Blvd./Linsen N. Rd.","0","1"
"723","1","20150323161853","1","1097","板橋國民運動中心","","44","17","27","板橋國民運動中心
有車17
有空位27","板橋區","20150720182526","42205.452777778","25.022235","121.458152","英士路/智樂路","Banqiao Dist.","Banqiao Civil Sports Center","Yingshi Rd./Jhihle Rd.","0","1"
"740","1","20150408153345","1","1113","五福里(五華街)","","52","19","33","五福里(五華街)
有車19
有空位33","三重區","20150720182526","42205.452777778","25.081725","121.493902","五華街64號對面人行道(碧華國中旁)","Sanchong Dist.","Wufu Village (Wuhua St.)","No.64, Wuhua St. (opposite)","0","1"
"747","1","20150421102230","1","1114","同安公園","","40","12","28","同安公園
有車12
有空位28","三重區","20150720182526","42205.452777778","25.05732","121.499067","正義南路/同安東街(正義南路側公園廣場)","Sanchong Dist.","Tong An Park","Zhengyi S. Rd./Tong’an E. St.","0","1"
"742","1","20150408153542","1","1115","中華里(中華路二段)","","38","8","26","中華里(中華路二段)
有車8
有空位26","新莊區","20150720182526","42205.452777778","25.045951","121.453766","中華路2段31號對面","Xinzhuang Dist.","Zhonghua Village (Zhonghua Rd. Sec. 2 )","No.31, Sec. 2, Zhonghua Rd. (opposite)","2","1"
"743","1","20150408153631","1","1116","中華自治街口","","36","21","14","中華自治街口
有車21
有空位14","新莊區","20150720182526","42205.452777778","25.047855","121.453202","中華路2段/自治街口人行道(中港大排東側)","Xinzhuang Dist.","Zhonghua & Zizhi Intersection","Sec. 2, Zhonghua Rd/Zizhi St.","0","1"
"347","1","20000101000000","1","9","松德站","10.250.9.1","40","0","40","松德站
有車0
有空位40","信義區","20150720182526","42205.452777778","25.03159","121.574353","台北市信義區松德路300號","Xinyi Dist.","Songde","No.300, Songde Rd.(32)","0","1"
"380","1","20121128125356","1","42","捷運後山埤站(1號出口)","192.168.4.47","38","15","23","捷運後山埤站(1號出口)
有車15
有空位23","南港區","20150720182526","42205.452777778","25.04431","121.58174","中坡北路/忠孝東路五段(西北側)","Nangang Dist.","MRT Houshanpi Sta.(Exit 1)","The S.W side of Jhongsiao E. Rd. & Jhongpo N. Rd.","0","1"
"384","1","20121128131552","1","46","南港國小","192.168.4.46","44","0","44","南港國小
有車0
有空位44","南港區","20150720182526","42205.452777778","25.05646","121.611027","惠民街/興東街(南側停車場)","Nangang Dist. ","Nangang Elementary School","The opposite of parking lots of exit Singdong St. (Nan-Gang Elementary School)","0","1"
"425","1","20130716195812","1","87","捷運大安站","","58","0","57","捷運大安站
有車0
有空位57","大安區","20150720182526","42205.452777778","25.033078","121.543057","復興南路/信義路三段(西南側)","Daan Dist.","MRT Daan Sta.","The S.W. side of Fuxing S. Rd. & Sec. 3 Xinyi Rd.","0","1"
"569","1","20140703140317","1","167","臺北市立天文館","","50","10","40","臺北市立天文館
有車10
有空位40","士林區","20150720182526","42205.452777778","25.095714","121.518046","基河路363號前","Shilin Dist.","Taipei Astronomical Museum","No.363, Jihe Rd.","0","1"
"620","1","20141030093455","1","170","新東公園","","50","37","12","新東公園
有車37
有空位12","松山區","20150720182526","42205.452777778","25.059245","121.568883","民生東路五段/塔悠路(西南側)","Songshan Dist.","XinDong Park","Sec. 5, Minsheng E. Rd./Tayou Rd.","0","1"
"653","1","20141125191039","1","1042","台北慈濟醫院","","40","2","36","台北慈濟醫院
有車2
有空位36","新店區","20150720182526","42205.452777778","24.985872","121.536887","建國路289號旁空地","Xindian Dist.","Taipei Tzu Chi Hospital","No.289, Jianguo Rd.","0","1"
"680","1","20141216111856","1","1066","雍和科學園區","","44","16","28","雍和科學園區
有車16
有空位28","汐止區","20150720182526","42205.452777778","25.058078","121.626018","南陽街185號","Xizhi Dist.","Taipei Park","No.185, Nanyang St.","0","1"
"716","1","20150309175834","1","1092","頭前國中","","42","16","26","頭前國中
有車16
有空位26","新莊區","20150720182526","42205.452777778","25.054464","121.459318","中原路3至9號對面人行道","Xinzhuang Dist.","Touqian Junior High School","No.3 to No.9 , Zhongyuan Rd. (opposite)","0","1"
"732","1","20150401100026","1","1106","民生公園","","42","7","35","民生公園
有車7
有空位35","板橋區","20150720182526","42205.452777778","25.013087","121.475894","民生路一段/民生路一段30巷","Banqiao Dist.","Minsheng Park","Sec. 1, Minsheng Rd./Ln. 30, Sec. 1, Minsheng Rd.","0","1"
"737","1","20150408152907","1","1110","板橋戶政事務所","","44","14","30","板橋戶政事務所
有車14
有空位30","板橋區","20150720182526","42205.452777778","25.012839","121.456308","中正路6號前人行道","Banqiao Dist.","Banqiao District Household Registration Office","No.6, Zhongzheng Rd.","0","1"
"738","1","20150408153135","1","1111","板橋和平公園","","40","36","4","板橋和平公園
有車36
有空位4","板橋區","20150720182526","42205.452777778","24.997679","121.464326","重慶路355號前廣場","Banqiao Dist.","Banqiao Heping Park","No.355, Chongqing Rd.","0","1"
"739","1","20150408153236","1","1112","碧華公園","","28","1","27","碧華公園
有車1
有空位27","三重區","20150720182526","42205.452777778","25.083741","121.487491","溪尾街303號(對面公園)","Sanchong Dist.","Bihua Park","No.303, Xiwei St. (opposite)","0","1"
"410","1","20130516184920","1","72","新生長安路口","","42","19","23","新生長安路口
有車19
有空位23","中山區","20150720182526","42205.452777778","25.048611","121.529346","新生北路一段/長安東路二段交叉口(北側)","Zhongshan Dist.","Xinsheng & Changan Intersection","The intersection of Sec. 1, Xinsheng N. Rd. & Sec. 2, Chang’an E. Rd.","0","1"
"411","1","20130516185058","1","73","酒泉延平路口","","32","4","28","酒泉延平路口
有車4
有空位28","大同區","20150720182526","42205.452777778","25.072228","121.510195","延平北路四段/酒泉街(西北側)","Datong Dist.","Jiuquan & Yanping Intersection","The N.W. side of Sec. 4, Yanping N. Rd. & Jiuquan St.","0","1"
"412","1","20130523181138","1","74","信義連雲街口","","40","22","18","信義連雲街口
有車22
有空位18","中正區","20150720182526","42205.452777778","25.033817","121.530547","信義路二段/連雲街(東北側)","Zhongzheng Dist.","Xinyi & Lianyun Intersection","The N.S. side of Lianyun St. & Sec. 2, Xinyi Rd.","0","1"
"606","1","20141028181755","1","1025","文化白雲公園","","76","8","63","文化白雲公園
有車8
有空位63","汐止區","20150720182526","42205.452777778","25.056875","121.655207","水源路二段42號訖水源路二段68號","Xizhi Dist.","Wenhua-Baiyun Park","No.42 to No.68, Sec. 2, Shuiyuan Rd.","0","1"
"607","1","20141028182844","1","1026","秀山國小","","62","13","42","秀山國小
有車13
有空位42","中和區","20150720182526","42205.452777778","24.996151","121.521988","更生街/自立路(西南側)","Zhonghe Dist.","Xiushan Elementary School","Gengsheng St./Zili Rd.","0","1"
"608","1","20141028183310","1","1027","捷運永安市場站","","72","32","40","捷運永安市場站
有車32
有空位40","中和區","20150720182526","42205.452777778","25.001013","121.511588","中安街/中和路378巷(東南側)","Zhonghe Dist.","MRT Yongan Market Sta.","Zhong’an St./Ln. 378, Zhonghe Rd.","0","1"
"609","1","20141028183447","1","1028","福和國中","","66","11","49","福和國中
有車11
有空位49","永和區","20150720182526","42205.452777778","25.005952","121.52093","永貞路/永亨路(東南側)","Yonghe Dist.","Fuhe Junior High School","Yongzhen Rd./Yongheng Rd.","2","1"
"611","1","20141028183811","1","1030","中和公園","","46","34","12","中和公園
有車34
有空位12","中和區","20150720182526","42205.452777778","25.000726","121.51435","安樂路/得和路(西南側)","Zhonghe Dist.","Zhonghe Park","Anle Rd./Dehe Rd.","0","1"
"656","1","20141125191949","1","1045","崇光女中","","36","12","20","崇光女中
有車12
有空位20","新店區","20150720182526","42205.452777778","24.972127","121.539554","三民路14號至三民路18號","Xindian Dist.","Our Lady of Providence Girls' High School","No.14 to No.18, Sanmin Rd.","0","1"
"725","1","20150323162542","1","1099","捷運江子翠站(3號出口)","","44","1","43","捷運江子翠站(3號出口)
有車1
有空位43","板橋區","20150720182526","42205.452777778","25.029729","121.472359","文化路二段/雙十路二段","Banqiao Dist.","MRT Jiangzicui Sta.(Exit 3)","Sec. 2, Wenhua Rd./Sec. 2, Shuangshi Rd.","0","1"
"726","1","20150323163041","1","1100","音樂公園","","48","21","26","音樂公園
有車21
有空位26","板橋區","20150720182526","42205.452777778","25.028631","121.48046","大同街97號對面公園人行道","Banqiao Dist.","Yinyue Park","No.97, Datong St.","0","1"
"727","1","20150323164300","1","1101","捷運七張站(1號出口)","","42","2","40","捷運七張站(1號出口)
有車2
有空位40","新店區","20150720182526","42205.452777778","24.974996","121.542767","北新路二段/北新路二段121巷","Xindian Dist.","MRT Qizhang Sta. (Exit 1)","Sec. 2, Beixin Rd./Ln. 121, Sec. 2, Beixin Rd.","0","1"
"728","1","20150323164451","1","1102","北新國小","","44","25","18","北新國小
有車25
有空位18","新店區","20150720182526","42205.452777778","24.974233","121.544428","寶橋路8號前人行道","Xindian Dist.","BeiXin Elementary School","No.8, Baoqiao Rd.","1","1"
"729","1","20150401094903","1","1103","捷運新埔站(2號出口)","","22","14","8","捷運新埔站(2號出口)
有車14
有空位8","板橋區","20150720182526","42205.452777778","25.022095","121.467598","文化路一段318號旁廣場","Banqiao Dist.","MRT Xinpu Sta.(Exit.2)","No.318, Sec. 1, Wenhua Rd.","0","1"
"406","1","20130507092136","1","68","國興青年路口","192.168.4.71","36","30","6","國興青年路口
有車30
有空位6","萬華區","20150720182526","42205.452777778","25.025865","121.506536","國興路/青年路(西南側)","Wanhua Dist.","Guoxing & Qingnian Intersection","The S.W. side of Guoxing Rd. & Qingnian Rd.","0","1"
"453","1","20131003194227","1","115","臺北轉運站","","68","31","37","臺北轉運站
有車31
有空位37","中正區","20150720182526","42205.452777778","25.048222","121.520526","中山北路一段/市民大道一段(西北側)","Zhongzheng Dist.","Taipei Bus Sta.","Sec. 1, Zhongshan N. Rd. & Sec. 1, Civic Blvd.","0","1"
"466","1","20131114093852","1","128","成功國宅","","36","22","13","成功國宅
有車22
有空位13","大安區","20150720182526","42205.452777778","25.026808","121.546726","四維路198巷/和平東路三段1巷","Daan Dist.","Chengong Public Housing","Ln. 198, Siwei Rd./Ln. 1, Sec. 3, Heping E. Rd","1","1"
"469","1","20131127115629","1","131","洲子二號公園","","34","28","6","洲子二號公園
有車28
有空位6","內湖區","20150720182526","42205.452777778","25.079322","121.568688","瑞光路500號對面","Neihu Dist.","Zhouzhi Park No.2","Opposite to the parking space No.500, Ruiguang Rd.","0","1"
"625","1","20141030094423","1","175","捷運南京復興站(5號出口)","","52","2","50","捷運南京復興站(5號出口)
有車2
有空位50","松山區","20150720182526","42205.452777778","25.051618","121.544847","南京東路三段/南京東路三段256巷(東南側)","Songshan Dist.","MRT Nanjing Fuxing Sta. (Exit 5)","Sec. 3, Nanjing E. Rd./Ln. 256, Sec. 3, Nanjing E. Rd.","0","1"
"744","1","20150410145339","1","1117","捷運府中站(3號出口)","","42","14","28","捷運府中站(3號出口)
有車14
有空位28","板橋區","20150720182526","42205.452777778","25.008999","121.458776","府中路31號至53號對面","Banqiao Dist.","MRT Fuzhong Sta.(Exit.3)","","0","1"
"745","1","20150410145442","1","1118","捷運亞東醫院站(2號出口)","","52","33","19","捷運亞東醫院站(2號出口)
有車33
有空位19","板橋區","20150720182526","42205.452777778","24.99783","121.452315","南雅南路二段122-23號‎前人行道","Banqiao Dist.","MRT Far Eastern Hospital Sta.(Exit.2)","No.122-23, Sec. 2, Nanya S. Rd.","0","1"
"746","1","20150410145627","1","1119","新泰公園","","42","2","40","新泰公園
有車2
有空位40","新莊區","20150720182526","42205.452777778","25.0372","121.444946","建中街116巷/建中街116巷3弄","Xinzhuang Dist.","Xintai Park","Ln. 116, Jianzhong St./Aly. 3, Ln. 116, Jianzhong St.","0","1"
"748","1","20150421102540","1","1120","上林里(環河東路一段)","","38","24","11","上林里(環河東路一段)
有車24
有空位11","永和區","20150720182526","42205.452777778","25.014999","121.520951","環河東路一段/竹林路75巷25弄","Yonghe Dist.","Shanglin Village (Huanhe E. Rd. Sec. 1 )","Sec. 1, Huanhe E. Rd./Aly. 25, Ln. 75, Zhulin Rd.","2","1"
"749","1","20150421102836","1","1121","進安公園","","34","3","30","進安公園
有車3
有空位30","三重區","20150720182526","42205.452777778","25.086031","121.493774","仁義街258號至290號","Sanchong Dist.","Jinan Park","No.258 to No.290, Renyi St.","0","1"
"599","1","20141021133927","1","1019","仁愛廣場","","50","26","23","仁愛廣場
有車26
有空位23","蘆洲區","20150720182526","42205.452777778","25.090565","121.471621","民權路139號旁","Luzhou Dist.","Renai Square","No.139, Minquan Rd.","0","1"
